[
{
    "model": "seqr.project",
    "pk": 1,
    "fields": {
        "guid": "R0001_1kg",
        "created_date": "2017-03-12T19:27:08.156Z",
        "created_by": null,
        "last_modified_date": "2017-03-13T09:07:49.582Z",
        "name": "1kg project n\u00e5me with uni\u00e7\u00f8de",
        "description": "1000 genomes project description with uni\u00e7\u00f8de",
	"owners_group": 1,
	"can_edit_group": 2,
	"can_view_group": 3,
	"is_phenotips_enabled": true,
	"phenotips_user_id": "1kg",
    "genome_version": "38",
	"is_mme_enabled": false,
	"mme_primary_data_owner": "PI",
    "mme_contact_url": "mailto:test@broadinstitute.org",
	"last_accessed_date": "2017-09-15T18:15:50.827Z",
	"deprecated_project_id": "1kg",
	"custom_reference_populations": []
    }
},
{
    "model": "seqr.project",
    "pk": 2,
    "fields": {
        "guid": "R0002_empty",
        "created_date": "2017-03-12T19:27:08.156Z",
        "created_by": null,
        "last_modified_date": "2017-03-13T09:07:49.582Z",
        "name": "Empty Project",
        "description": "",
	"owners_group": 1,
	"can_edit_group": 2,
	"can_view_group": 3,
	"is_phenotips_enabled": true,
	"phenotips_user_id": "",
	"is_mme_enabled": false,
	"mme_primary_data_owner": "",
	"last_accessed_date": "2017-09-15T18:15:50.827Z",
	"deprecated_project_id": "",
	"custom_reference_populations": []
    }
},
{
    "model": "seqr.project",
    "pk": 3,
    "fields": {
        "guid": "R0003_test",
        "created_date": "2017-03-12T19:27:08.156Z",
        "created_by": null,
        "last_modified_date": "2017-03-13T09:07:49.582Z",
        "name": "Test Project",
        "description": "",
	"owners_group": 1,
	"can_edit_group": 2,
	"can_view_group": 3,
	"is_phenotips_enabled": true,
	"phenotips_user_id": "",
	"is_mme_enabled": false,
	"mme_primary_data_owner": "",
    "mme_contact_url": "mailto:seqr-test@gmail.com,test@broadinstitute.org",
	"last_accessed_date": "2017-09-15T18:15:50.827Z",
	"deprecated_project_id": "",
	"custom_reference_populations": []
    }
},
{
    "model": "seqr.projectcategory",
    "pk": 2,
    "fields": {
        "guid": "PC000002_categry_with_unicde",
        "created_date": "2017-03-12T23:52:36.401Z",
        "created_by": null,
        "last_modified_date": "2017-03-12T23:52:36.401Z",
        "name": "c\u00e5teg\u00f8ry with uni\u00e7\u00f8de",
        "projects": [
            1
        ]
    }
},
{
    "model": "seqr.projectcategory",
    "pk": 3,
    "fields": {
        "guid": "PC000003_test_category_name",
        "created_date": "2017-03-12T23:52:55.846Z",
        "created_by": null,
        "last_modified_date": "2017-03-12T23:52:55.846Z",
        "name": "test category name",
        "projects": [
            1
        ]
    }
},
{
    "model": "seqr.family",
    "pk": 1,
    "fields": {
        "guid": "F000001_1",
        "created_date": "2017-03-12T19:27:08.199Z",
        "created_by": null,
        "last_modified_date": "2017-03-13T07:53:27.973Z",
        "project": 1,
        "family_id": "1",
        "display_name": "1",
        "description": "test descripti\u00f8n",
        "pedigree_image": "ped_1.png",
        "analysis_notes": "<b>\r\n                        F\u00e5mily analysis n\u00f8tes\r\n                    </b>",
        "analysis_summary": "<b>\r\n                        F\u00e5mily analysis summ\u00e5ry.\r\n                    </b>",
        "causal_inheritance_mode": "unknown",
        "analysis_status": "Q",
        "internal_analysis_status": null,
        "internal_case_review_notes": "<div>initial notes with uni&ccedil;&oslash;de</div>\n<div>test</div>",
        "internal_case_review_summary": "<div>internal case review summary with uni&ccedil;&oslash;de</div>"
    }
},
{
    "model": "seqr.family",
    "pk": 2,
    "fields": {
        "guid": "F000002_2",
        "created_date": "2017-03-12T19:27:08.319Z",
        "created_by": null,
        "last_modified_date": "2017-03-12T22:36:26.681Z",
        "project": 1,
        "family_id": "2",
        "display_name": "2",
        "description": "",
        "pedigree_image": "ped_2.png",
        "analysis_notes": "",
        "analysis_summary": "",
        "causal_inheritance_mode": "unknown",
        "analysis_status": "Q",
        "internal_analysis_status": null,
        "internal_case_review_notes": "<div>internal notes 2</div>\n<div>&nbsp;</div>",
        "internal_case_review_summary": "<div>internal case review summary 2</div>\n<div>&nbsp;</div>"
    }
},
{
    "model": "seqr.family",
    "pk": 3,
    "fields": {
        "guid": "F000003_3",
        "created_date": "2017-03-12T19:27:08.421Z",
        "created_by": null,
        "last_modified_date": "2017-03-12T19:27:08.435Z",
        "project": 1,
        "family_id": "3",
        "display_name": "3",
        "description": "",
        "pedigree_image": "ped_3.png",
        "analysis_notes": "",
        "analysis_summary": "",
        "causal_inheritance_mode": "unknown",
        "analysis_status": "Q",
        "internal_analysis_status": null,
        "internal_case_review_notes": "",
        "internal_case_review_summary": "internal_case_review_summary"
    }
},
{
    "model": "seqr.family",
    "pk": 4,
    "fields": {
        "guid": "F000004_4",
        "created_date": "2017-03-12T19:27:08.468Z",
        "created_by": null,
        "last_modified_date": "2017-03-12T19:27:08.483Z",
        "project": 1,
        "family_id": "4",
        "display_name": "4",
        "description": "",
        "pedigree_image": "ped_4.png",
        "analysis_notes": "",
        "analysis_summary": "",
        "causal_inheritance_mode": "unknown",
        "analysis_status": "Q",
        "internal_analysis_status": null,
        "internal_case_review_notes": "",
        "internal_case_review_summary": "internal_case_review_summary"
    }
},
{
    "model": "seqr.family",
    "pk": 5,
    "fields": {
        "guid": "F000005_5",
        "created_date": "2017-03-12T19:27:08.516Z",
        "created_by": null,
        "last_modified_date": "2017-03-12T19:27:08.530Z",
        "project": 1,
        "family_id": "5",
        "display_name": "5",
        "description": "",
        "pedigree_image": "ped.png",
        "analysis_notes": "",
        "analysis_summary": "",
        "causal_inheritance_mode": "unknown",
        "analysis_status": "Q",
        "internal_analysis_status": null,
        "internal_case_review_notes": "",
        "internal_case_review_summary": "internal_case_review_summary"
    }
},
{
    "model": "seqr.family",
    "pk": 6,
    "fields": {
        "guid": "F000006_6",
        "created_date": "2017-03-12T19:27:08.563Z",
        "created_by": null,
        "last_modified_date": "2017-03-12T19:27:08.577Z",
        "project": 1,
        "family_id": "6",
        "display_name": "6",
        "description": "",
        "pedigree_image": "ped.png",
        "analysis_notes": "",
        "analysis_summary": "",
        "causal_inheritance_mode": "unknown",
        "analysis_status": "Q",
        "internal_analysis_status": null,
        "internal_case_review_notes": "",
        "internal_case_review_summary": "internal_case_review_summary"
    }
},
{
    "model": "seqr.family",
    "pk": 7,
    "fields": {
        "guid": "F000007_7",
        "created_date": "2017-03-12T19:27:08.610Z",
        "created_by": null,
        "last_modified_date": "2017-03-12T19:27:08.622Z",
        "project": 1,
        "family_id": "7",
        "display_name": "7",
        "description": "",
        "pedigree_image": "ped.png",
        "analysis_notes": "",
        "analysis_summary": "",
        "causal_inheritance_mode": "unknown",
        "analysis_status": "Q",
        "internal_analysis_status": null,
        "internal_case_review_notes": "",
        "internal_case_review_summary": "internal_case_review_summary"
    }
},
{
    "model": "seqr.family",
    "pk": 8,
    "fields": {
        "guid": "F000008_8",
        "created_date": "2017-03-12T19:27:08.652Z",
        "created_by": null,
        "last_modified_date": "2017-03-12T19:27:08.666Z",
        "project": 1,
        "family_id": "8",
        "display_name": "8",
        "description": "",
        "pedigree_image": "ped.png",
        "analysis_notes": "",
        "analysis_summary": "",
        "causal_inheritance_mode": "unknown",
        "analysis_status": "Q",
        "internal_analysis_status": null,
        "internal_case_review_notes": "",
        "internal_case_review_summary": "internal_case_review_summary"
    }
},
{
    "model": "seqr.family",
    "pk": 9,
    "fields": {
        "guid": "F000009_9",
        "created_date": "2017-03-12T19:27:08.697Z",
        "created_by": null,
        "last_modified_date": "2017-03-12T19:27:08.714Z",
        "project": 1,
        "family_id": "9",
        "display_name": "9",
        "description": "",
        "pedigree_image": "ped.png",
        "analysis_notes": "",
        "analysis_summary": "",
        "causal_inheritance_mode": "unknown",
        "analysis_status": "Q",
        "internal_analysis_status": null,
        "internal_case_review_notes": "",
        "internal_case_review_summary": "internal_case_review_summary"
    }
},
{
    "model": "seqr.family",
    "pk": 10,
    "fields": {
        "guid": "F000010_10",
        "created_date": "2017-03-12T19:27:08.760Z",
        "created_by": null,
        "last_modified_date": "2017-03-12T19:27:08.773Z",
        "project": 1,
        "family_id": "10",
        "display_name": "10",
        "description": "",
        "pedigree_image": "ped.png",
        "analysis_notes": "",
        "analysis_summary": "",
        "causal_inheritance_mode": "unknown",
        "analysis_status": "Q",
        "internal_analysis_status": null,
        "internal_case_review_notes": "",
        "internal_case_review_summary": "internal_case_review_summary"
    }
},
{
    "model": "seqr.family",
    "pk": 11,
    "fields": {
        "guid": "F000011_11",
        "created_date": "2017-03-12T19:27:08.806Z",
        "created_by": null,
        "last_modified_date": "2017-03-12T22:36:49.654Z",
        "project": 3,
        "family_id": "11",
        "display_name": "11",
        "description": "",
        "pedigree_image": "ped.png",
        "analysis_notes": "",
        "analysis_summary": "",
        "causal_inheritance_mode": "unknown",
        "analysis_status": "Q",
        "internal_analysis_status": null,
        "internal_case_review_notes": "",
        "internal_case_review_summary": ""
    }
},
{
    "model": "seqr.family",
    "pk": 12,
    "fields": {
        "guid": "F000012_12",
        "created_date": "2017-03-12T19:27:08.848Z",
        "created_by": null,
        "last_modified_date": "2017-03-12T22:37:17.555Z",
        "project": 1,
        "family_id": "12",
        "display_name": "12",
        "description": "",
        "pedigree_image": "ped.png",
        "analysis_notes": "",
        "analysis_summary": "",
        "causal_inheritance_mode": "unknown",
        "analysis_status": "Q",
        "internal_analysis_status": null,
        "internal_case_review_notes": "<div><span style=\"text-decoration: underline;\"><span style=\"font-family: 'book antiqua', palatino, serif;\">case review notes for family 12</span></span></div>\n<ul>\n<li><span style=\"font-family: 'book antiqua', palatino, serif;\">note1</span></li>\n<li><span style=\"font-family: 'book antiqua', palatino, serif;\">note 2</span></li>\n<li><span style=\"font-family: 'book antiqua', palatino, serif;\">note 3</span></li>\n</ul>",
        "internal_case_review_summary": "<div><span style=\"font-family: 'courier new', courier, monospace;\"><strong>summary for family 12</strong></span></div>"
    }
},
{
    "model": "seqr.individual",
    "pk": 1,
    "fields": {
        "guid": "I000001_na19675",
        "created_date": "2017-02-05T06:42:55.397Z",
        "created_by": null,
        "last_modified_date": "2017-03-13T09:07:49.719Z",
        "family": 1,
        "individual_id": "NA19675_1",
        "mother_id": 3,
        "father_id": 2,
        "sex": "M",
        "affected": "A",
        "display_name": "",
        "notes": "",
        "case_review_status": "I",
        "case_review_status_last_modified_date": "2017-03-12T22:34:43.204Z",
        "case_review_status_last_modified_by": null,
        "case_review_discussion": null,
        "phenotips_patient_id": "P0000001",
        "phenotips_eid": "20161012_131013_744125_NA19675",
        "phenotips_data": "{\"features\": [{\"observed\": \"no\", \"category\": \"HP:0001626\", \"type\": \"phenotype\", \"id\": \"HP:0011675\", \"label\": \"Arrhythmia\"}, {\"observed\": \"no\", \"category\": \"HP:0001626\", \"type\": \"phenotype\", \"id\": \"HP:0001674\", \"label\": \"Complete atrioventricular canal defect\"}, {\"observed\": \"yes\", \"category\": \"HP:0001626\", \"type\": \"phenotype\", \"id\": \"HP:0001631\", \"label\": \"Defect in the atrial septum\"}, {\"observed\": \"no\", \"category\": \"HP:0001507\", \"type\": \"phenotype\", \"id\": \"HP:0001508\", \"label\": \"Failure to thrive\"}, {\"observed\": \"yes\", \"category\": \"HP:0000707\", \"type\": \"phenotype\", \"id\": \"HP:0002011\", \"label\": \"Morphological abnormality of the central nervous system\"}, {\"observed\": \"yes\", \"category\": \"HP:0001626\", \"type\": \"phenotype\", \"id\": \"HP:0001636\", \"label\": \"Tetralogy of Fallot\"}], \"links\": {\"href\": \"http://localhost:8080/rest/patients/P0000001\", \"rel\": \"self\"}, \"nonstandard_features\": [], \"sex\": \"M\", \"meta\": {\"hgnc_version\": \"2015-08-09T17:45:23.025Z\", \"hgncRemote_version\": \"2017-03-12T05:50:28.721Z\", \"hpo_version\": \"releases/2015-09-15\", \"phenotips_version\": \"1.2.6\", \"omim_version\": \"2015-10-07T18:26:19.654Z\"}, \"specificity\": {\"date\": \"2017-03-13T09:07:49.711Z\", \"score\": 0.7296054396830466, \"server\": \"local-omim\"}, \"last_modification_date\": \"2017-03-13T09:06:58.000Z\", \"id\": \"P0000001\", \"ethnicity\": {\"maternal_ethnicity\": [\"Azerbaijanis\"], \"paternal_ethnicity\": [\"African Americans\"]}, \"family_history\": {\"consanguinity\": true, \"affectedRelatives\": false}, \"rejectedGenes\": [{\"gene\": \"IKBKAP\", \"comments\": \"comments IKBKAP\"}, {\"gene\": \"CCDC102B\", \"comments\": \"comments for CCDC102B\"}], \"date_of_birth\": \"\", \"life_status\": \"alive\", \"reporter\": \"1kg\", \"genes\": [{\"gene\": \"EHBP1L1\", \"comments\": \"comments EHBP1L1\"}, {\"gene\": \"ACY3\", \"comments\": \"comments ACY3\"}], \"date_of_death\": \"\", \"prenatal_perinatal_phenotype\": {\"prenatal_phenotype\": [], \"negative_prenatal_phenotype\": []}, \"prenatal_perinatal_history\": {}, \"date\": \"2017-03-13T02:38:25.000Z\", \"clinicalStatus\": {\"clinicalStatus\": \"affected\"}, \"report_id\": \"P0000001\", \"global_age_of_onset\": [{\"id\": \"HP:0003581\", \"label\": \"Adult onset\"}], \"last_modified_by\": \"1kg\", \"solved\": {\"status\": \"unsolved\"}, \"contact\": {\"user_id\": \"1kg\", \"name\": \"1kg\", \"email\": \"harindra@broadinstitute.org\"}, \"external_id\": \"20161012_131013_744125_NA19675\"}",
        "mme_id": null,
        "mme_submitted_data": {"patient": {"id": "NA19675_1_01", "label": "NA19675_1", "contact": {"href": "mailto:matchmaker@broadinstitute.org", "name": "Sam Baxter", "institution": "Broad Center for Mendelian Genomics"}, "species": "NCBITaxon:9606", "features": [{"id": "HP:0001252", "observed": "yes"}, {"id": "HP:0001263", "observed": "no"}, {"id": "HP:0012469", "observed": "yes"}], "genomicFeatures": [{"gene": {"id": "ENSG00000186092"}, "variant": {"end": 77027548, "start": 77027549, "assembly": "GRCh38", "referenceName": "14", "alternateBases": "C", "referenceBases": "CCACT"}, "zygosity": 1}]}},
    "mme_submitted_date": "2018-05-23T09:07:49.719Z"
}
},
{
    "model": "seqr.individual",
    "pk": 2,
    "fields": {
        "guid": "I000002_na19678",
        "created_date": "2017-02-05T06:42:55.397Z",
        "created_by": null,
        "last_modified_date": "2017-03-13T09:07:49.766Z",
        "family": 1,
        "individual_id": "NA19678",
        "mother_id": null,
        "father_id": null,
        "sex": "M",
        "affected": "N",
        "display_name": "",
	"notes": "",
        "case_review_status": "U",
        "case_review_status_last_modified_date": "2017-03-12T22:34:46.200Z",
        "case_review_status_last_modified_by": null,
        "case_review_discussion": null,
        "phenotips_patient_id": "P0000002",
        "phenotips_eid": "20161012_131013_752998_NA19678",
        "phenotips_data": "{\"life_status\": \"alive\", \"links\": {\"href\": \"http://localhost:8080/rest/patients/P0000002\", \"rel\": \"self\"}, \"solved\": {\"status\": \"unsolved\"}, \"reporter\": \"1kg\", \"last_modified_by\": \"1kg\", \"sex\": \"M\", \"last_modification_date\": \"2017-03-13T02:38:28.000Z\", \"prenatal_perinatal_phenotype\": {\"prenatal_phenotype\": [], \"negative_prenatal_phenotype\": []}, \"contact\": {\"user_id\": \"1kg\", \"name\": \"1kg\", \"email\": \"harindra@broadinstitute.org\"}, \"meta\": {\"hgnc_version\": \"2015-08-09T17:45:23.025Z\", \"hgncRemote_version\": \"2017-03-12T05:50:28.721Z\", \"hpo_version\": \"releases/2015-09-15\", \"phenotips_version\": \"1.2.6\", \"omim_version\": \"2015-10-07T18:26:19.654Z\"}, \"prenatal_perinatal_history\": {}, \"specificity\": {\"date\": \"2017-03-13T09:01:53.748Z\", \"score\": 0.0, \"server\": \"monarchinitiative.org\"}, \"date\": \"2017-03-13T02:38:27.000Z\", \"clinicalStatus\": {\"clinicalStatus\": \"affected\"}, \"external_id\": \"20161012_131013_752998_NA19678\", \"id\": \"P0000002\", \"ethnicity\": {\"maternal_ethnicity\": [], \"paternal_ethnicity\": []}, \"report_id\": \"P0000002\"}",
        "mme_id": null,
        "mme_submitted_data": null
    }
},
{
    "model": "seqr.individual",
    "pk": 3,
    "fields": {
        "guid": "I000003_na19679",
        "created_date": "2017-02-05T06:42:55.397Z",
        "created_by": null,
        "last_modified_date": "2017-03-13T09:07:49.793Z",
        "family": 1,
        "individual_id": "NA19679",
        "mother_id": null,
        "father_id": null,
        "sex": "F",
        "affected": "N",
        "display_name": "",
	"notes": "",
        "case_review_status": "A",
        "case_review_status_last_modified_date": "2017-03-12T22:34:49.964Z",
        "case_review_status_last_modified_by": null,
        "case_review_discussion": null,
        "phenotips_patient_id": "P0000003",
        "phenotips_eid": "20161012_131013_759726_NA19679",
        "phenotips_data": "{\"life_status\": \"alive\", \"links\": {\"href\": \"http://localhost:8080/rest/patients/P0000003\", \"rel\": \"self\"}, \"solved\": {\"status\": \"unsolved\"}, \"reporter\": \"1kg\", \"last_modified_by\": \"1kg\", \"sex\": \"F\", \"last_modification_date\": \"2017-03-13T02:38:29.000Z\", \"prenatal_perinatal_phenotype\": {\"prenatal_phenotype\": [], \"negative_prenatal_phenotype\": []}, \"contact\": {\"user_id\": \"1kg\", \"name\": \"1kg\", \"email\": \"harindra@broadinstitute.org\"}, \"meta\": {\"hgnc_version\": \"2015-08-09T17:45:23.025Z\", \"hgncRemote_version\": \"2017-03-12T05:50:28.721Z\", \"hpo_version\": \"releases/2015-09-15\", \"phenotips_version\": \"1.2.6\", \"omim_version\": \"2015-10-07T18:26:19.654Z\"}, \"prenatal_perinatal_history\": {}, \"specificity\": {\"date\": \"2017-03-13T09:01:53.748Z\", \"score\": 0.0, \"server\": \"monarchinitiative.org\"}, \"date\": \"2017-03-13T02:38:28.000Z\", \"clinicalStatus\": {\"clinicalStatus\": \"affected\"}, \"external_id\": \"20161012_131013_759726_NA19679\", \"id\": \"P0000003\", \"ethnicity\": {\"maternal_ethnicity\": [], \"paternal_ethnicity\": []}, \"report_id\": \"P0000003\"}",
        "mme_id": null,
        "mme_submitted_data": null
    }
},
{
    "model": "seqr.individual",
    "pk": 4,
    "fields": {
        "guid": "I000004_hg00731",
        "created_date": "2017-02-05T06:42:55.397Z",
        "created_by": null,
        "last_modified_date": "2017-03-13T09:07:49.928Z",
        "family": 2,
        "individual_id": "HG00731",
        "mother_id": 6,
        "father_id": 5,
        "sex": "F",
        "affected": "A",
        "display_name": "",
	"notes": "",
        "case_review_status": "3",
        "case_review_status_last_modified_date": "2017-03-12T22:34:59.093Z",
        "case_review_status_last_modified_by": null,
        "case_review_discussion": null,
        "phenotips_patient_id": "P0000004",
        "phenotips_eid": "20161012_131013_767240_HG00731",
        "phenotips_data": "{\"features\": [{\"observed\": \"yes\", \"category\": \"HP:0001507\", \"type\": \"phenotype\", \"id\": \"HP:0004325\", \"label\": \"Decreased body weight\"}, {\"observed\": \"no\", \"category\": \"HP:0040064\", \"type\": \"phenotype\", \"id\": \"HP:0006101\", \"label\": \"Finger syndactyly\"}, {\"observed\": \"yes\", \"category\": \"HP:0003011\", \"type\": \"phenotype\", \"id\": \"HP:0001290\", \"label\": \"Generalized hypotonia\"}, {\"observed\": \"yes\", \"category\": \"HP:0000707\", \"type\": \"phenotype\", \"id\": \"HP:0002011\", \"label\": \"Morphological abnormality of the central nervous system\"}, {\"observed\": \"yes\", \"category\": \"HP:0040064\", \"type\": \"phenotype\", \"id\": \"HP:0100258\", \"label\": \"Preaxial polydactyly\"}, {\"observed\": \"yes\", \"category\": \"HP:0000924\", \"type\": \"phenotype\", \"id\": \"HP:0002650\", \"label\": \"Scoliosis\"}, {\"observed\": \"no\", \"category\": \"HP:0001507\", \"type\": \"phenotype\", \"id\": \"HP:0004322\", \"label\": \"Short stature\"}], \"links\": {\"href\": \"http://localhost:8080/rest/patients/P0000004\", \"rel\": \"self\"}, \"nonstandard_features\": [], \"sex\": \"F\", \"meta\": {\"hgnc_version\": \"2015-08-09T17:45:23.025Z\", \"hgncRemote_version\": \"2017-03-12T05:50:28.721Z\", \"hpo_version\": \"releases/2015-09-15\", \"phenotips_version\": \"1.2.6\", \"omim_version\": \"2015-10-07T18:26:19.654Z\"}, \"specificity\": {\"date\": \"2017-03-13T09:07:49.921Z\", \"score\": 0.7752964260625449, \"server\": \"local-omim\"}, \"last_modification_date\": \"2017-03-13T02:41:37.000Z\", \"id\": \"P0000004\", \"ethnicity\": {\"maternal_ethnicity\": [], \"paternal_ethnicity\": []}, \"family_history\": {}, \"date_of_birth\": \"\", \"life_status\": \"alive\", \"reporter\": \"1kg\", \"date_of_death\": \"\", \"prenatal_perinatal_phenotype\": {\"prenatal_phenotype\": [], \"negative_prenatal_phenotype\": []}, \"prenatal_perinatal_history\": {}, \"date\": \"2017-03-13T02:38:29.000Z\", \"clinicalStatus\": {\"clinicalStatus\": \"affected\"}, \"report_id\": \"P0000004\", \"last_modified_by\": \"1kg\", \"solved\": {\"status\": \"unsolved\"}, \"contact\": {\"user_id\": \"1kg\", \"name\": \"1kg\", \"email\": \"harindra@broadinstitute.org\"}, \"external_id\": \"20161012_131013_767240_HG00731\"}",
        "mme_id": null,
        "mme_submitted_data": null
    }
},
{
    "model": "seqr.individual",
    "pk": 5,
    "fields": {
        "guid": "I000005_hg00732",
        "created_date": "2017-02-05T06:42:55.397Z",
        "created_by": null,
        "last_modified_date": "2017-03-13T09:07:49.956Z",
        "family": 2,
        "individual_id": "HG00732",
        "mother_id": null,
        "father_id": null,
        "sex": "M",
        "affected": "N",
        "display_name": "",
	"notes": "",
        "case_review_status": "R",
        "case_review_status_last_modified_date": null,
        "case_review_status_last_modified_by": null,
        "case_review_discussion": null,
        "phenotips_patient_id": "P0000005",
        "phenotips_eid": "20161012_131013_776107_HG00732",
        "phenotips_data": "{\"life_status\": \"alive\", \"links\": {\"href\": \"http://localhost:8080/rest/patients/P0000005\", \"rel\": \"self\"}, \"solved\": {\"status\": \"unsolved\"}, \"reporter\": \"1kg\", \"last_modified_by\": \"1kg\", \"sex\": \"M\", \"last_modification_date\": \"2017-03-13T02:38:30.000Z\", \"prenatal_perinatal_phenotype\": {\"prenatal_phenotype\": [], \"negative_prenatal_phenotype\": []}, \"contact\": {\"user_id\": \"1kg\", \"name\": \"1kg\", \"email\": \"harindra@broadinstitute.org\"}, \"meta\": {\"hgnc_version\": \"2015-08-09T17:45:23.025Z\", \"hgncRemote_version\": \"2017-03-12T05:50:28.721Z\", \"hpo_version\": \"releases/2015-09-15\", \"phenotips_version\": \"1.2.6\", \"omim_version\": \"2015-10-07T18:26:19.654Z\"}, \"prenatal_perinatal_history\": {}, \"specificity\": {\"date\": \"2017-03-13T09:01:53.748Z\", \"score\": 0.0, \"server\": \"monarchinitiative.org\"}, \"date\": \"2017-03-13T02:38:30.000Z\", \"clinicalStatus\": {\"clinicalStatus\": \"affected\"}, \"external_id\": \"20161012_131013_776107_HG00732\", \"id\": \"P0000005\", \"ethnicity\": {\"maternal_ethnicity\": [], \"paternal_ethnicity\": []}, \"report_id\": \"P0000005\"}",
        "mme_id": null,
        "mme_submitted_data": null
    }
},
{
    "model": "seqr.individual",
    "pk": 6,
    "fields": {
        "guid": "I000006_hg00733",
        "created_date": "2017-02-05T06:42:55.397Z",
        "created_by": null,
        "last_modified_date": "2017-03-13T09:07:49.980Z",
        "family": 2,
        "individual_id": "HG00733",
        "mother_id": null,
        "father_id": null,
        "sex": "F",
        "affected": "N",
        "display_name": "",
	"notes": "",
        "case_review_status": "H",
        "case_review_status_last_modified_date": "2017-03-12T22:35:06.446Z",
        "case_review_status_last_modified_by": null,
        "case_review_discussion": null,
        "phenotips_patient_id": "P0000006",
        "phenotips_eid": "20161012_131013_783081_HG00733",
        "phenotips_data": "{\"life_status\": \"alive\", \"links\": {\"href\": \"http://localhost:8080/rest/patients/P0000006\", \"rel\": \"self\"}, \"solved\": {\"status\": \"unsolved\"}, \"reporter\": \"1kg\", \"last_modified_by\": \"1kg\", \"sex\": \"F\", \"last_modification_date\": \"2017-03-13T02:38:31.000Z\", \"prenatal_perinatal_phenotype\": {\"prenatal_phenotype\": [], \"negative_prenatal_phenotype\": []}, \"contact\": {\"user_id\": \"1kg\", \"name\": \"1kg\", \"email\": \"harindra@broadinstitute.org\"}, \"meta\": {\"hgnc_version\": \"2015-08-09T17:45:23.025Z\", \"hgncRemote_version\": \"2017-03-12T05:50:28.721Z\", \"hpo_version\": \"releases/2015-09-15\", \"phenotips_version\": \"1.2.6\", \"omim_version\": \"2015-10-07T18:26:19.654Z\"}, \"prenatal_perinatal_history\": {}, \"specificity\": {\"date\": \"2017-03-13T09:01:53.748Z\", \"score\": 0.0, \"server\": \"monarchinitiative.org\"}, \"date\": \"2017-03-13T02:38:31.000Z\", \"clinicalStatus\": {\"clinicalStatus\": \"affected\"}, \"external_id\": \"20161012_131013_783081_HG00733\", \"id\": \"P0000006\", \"ethnicity\": {\"maternal_ethnicity\": [], \"paternal_ethnicity\": []}, \"report_id\": \"P0000006\"}",
        "mme_id": null,
        "mme_submitted_data": null
    }
},
{
    "model": "seqr.individual",
    "pk": 7,
    "fields": {
        "guid": "I000007_na20870",
        "created_date": "2017-02-05T06:42:55.397Z",
        "created_by": null,
        "last_modified_date": "2017-03-13T09:07:50.015Z",
        "family": 3,
        "individual_id": "NA20870",
        "mother_id": null,
        "father_id": null,
        "sex": "M",
        "affected": "A",
        "display_name": "",
	"notes": "",
        "case_review_status": "",
        "case_review_status_last_modified_date": null,
        "case_review_status_last_modified_by": null,
        "case_review_discussion": null,
        "phenotips_patient_id": "P0000007",
        "phenotips_eid": "20161012_131013_791340_NA20870",
        "phenotips_data": "{\"life_status\": \"alive\", \"links\": {\"href\": \"http://localhost:8080/rest/patients/P0000007\", \"rel\": \"self\"}, \"solved\": {\"status\": \"unsolved\"}, \"reporter\": \"1kg\", \"last_modified_by\": \"1kg\", \"sex\": \"M\", \"last_modification_date\": \"2017-03-13T02:38:32.000Z\", \"prenatal_perinatal_phenotype\": {\"prenatal_phenotype\": [], \"negative_prenatal_phenotype\": []}, \"contact\": {\"user_id\": \"1kg\", \"name\": \"1kg\", \"email\": \"harindra@broadinstitute.org\"}, \"meta\": {\"hgnc_version\": \"2015-08-09T17:45:23.025Z\", \"hgncRemote_version\": \"2017-03-12T05:50:28.721Z\", \"hpo_version\": \"releases/2015-09-15\", \"phenotips_version\": \"1.2.6\", \"omim_version\": \"2015-10-07T18:26:19.654Z\"}, \"prenatal_perinatal_history\": {}, \"specificity\": {\"date\": \"2017-03-13T09:01:53.748Z\", \"score\": 0.0, \"server\": \"monarchinitiative.org\"}, \"date\": \"2017-03-13T02:38:31.000Z\", \"clinicalStatus\": {\"clinicalStatus\": \"affected\"}, \"external_id\": \"20161012_131013_791340_NA20870\", \"id\": \"P0000007\", \"ethnicity\": {\"maternal_ethnicity\": [], \"paternal_ethnicity\": []}, \"report_id\": \"P0000007\"}",
        "mme_id": null,
        "mme_submitted_data": null
    }
},
{
    "model": "seqr.individual",
    "pk": 8,
    "fields": {
        "guid": "I000008_na20872",
        "created_date": "2017-02-05T06:42:55.397Z",
        "created_by": null,
        "last_modified_date": "2017-03-13T09:07:50.044Z",
        "family": 4,
        "individual_id": "NA20872",
        "mother_id": null,
        "father_id": null,
        "sex": "M",
        "affected": "A",
        "display_name": "",
	"notes": "",
        "case_review_status": "",
        "case_review_status_last_modified_date": null,
        "case_review_status_last_modified_by": null,
        "case_review_discussion": null,
        "phenotips_patient_id": "P0000008",
        "phenotips_eid": "20161012_131013_799752_NA20872",
        "phenotips_data": "{\"life_status\": \"alive\", \"links\": {\"href\": \"http://localhost:8080/rest/patients/P0000008\", \"rel\": \"self\"}, \"solved\": {\"status\": \"unsolved\"}, \"reporter\": \"1kg\", \"last_modified_by\": \"1kg\", \"sex\": \"M\", \"last_modification_date\": \"2017-03-13T02:38:33.000Z\", \"prenatal_perinatal_phenotype\": {\"prenatal_phenotype\": [], \"negative_prenatal_phenotype\": []}, \"contact\": {\"user_id\": \"1kg\", \"name\": \"1kg\", \"email\": \"harindra@broadinstitute.org\"}, \"meta\": {\"hgnc_version\": \"2015-08-09T17:45:23.025Z\", \"hgncRemote_version\": \"2017-03-12T05:50:28.721Z\", \"hpo_version\": \"releases/2015-09-15\", \"phenotips_version\": \"1.2.6\", \"omim_version\": \"2015-10-07T18:26:19.654Z\"}, \"prenatal_perinatal_history\": {}, \"specificity\": {\"date\": \"2017-03-13T09:01:53.748Z\", \"score\": 0.0, \"server\": \"monarchinitiative.org\"}, \"date\": \"2017-03-13T02:38:32.000Z\", \"clinicalStatus\": {\"clinicalStatus\": \"affected\"}, \"external_id\": \"20161012_131013_799752_NA20872\", \"id\": \"P0000008\", \"ethnicity\": {\"maternal_ethnicity\": [], \"paternal_ethnicity\": []}, \"report_id\": \"P0000008\"}",
        "mme_id": null,
        "mme_submitted_data": null
    }
},
{
    "model": "seqr.individual",
    "pk": 9,
    "fields": {
        "guid": "I000009_na20874",
        "created_date": "2017-02-05T06:42:55.397Z",
        "created_by": null,
        "last_modified_date": "2017-03-13T09:07:50.071Z",
        "family": 5,
        "individual_id": "NA20874",
        "mother_id": null,
        "father_id": null,
        "sex": "M",
        "affected": "N",
        "display_name": "",
	"notes": "",
        "case_review_status": "",
        "case_review_status_last_modified_date": null,
        "case_review_status_last_modified_by": null,
        "case_review_discussion": null,
        "phenotips_patient_id": "P0000009",
        "phenotips_eid": "20161012_131013_809075_NA20874",
        "phenotips_data": "{\"life_status\": \"alive\", \"links\": {\"href\": \"http://localhost:8080/rest/patients/P0000009\", \"rel\": \"self\"}, \"solved\": {\"status\": \"unsolved\"}, \"reporter\": \"1kg\", \"last_modified_by\": \"1kg\", \"sex\": \"M\", \"last_modification_date\": \"2017-03-13T02:38:33.000Z\", \"prenatal_perinatal_phenotype\": {\"prenatal_phenotype\": [], \"negative_prenatal_phenotype\": []}, \"contact\": {\"user_id\": \"1kg\", \"name\": \"1kg\", \"email\": \"harindra@broadinstitute.org\"}, \"meta\": {\"hgnc_version\": \"2015-08-09T17:45:23.025Z\", \"hgncRemote_version\": \"2017-03-12T05:50:28.721Z\", \"hpo_version\": \"releases/2015-09-15\", \"phenotips_version\": \"1.2.6\", \"omim_version\": \"2015-10-07T18:26:19.654Z\"}, \"prenatal_perinatal_history\": {}, \"specificity\": {\"date\": \"2017-03-13T09:01:53.748Z\", \"score\": 0.0, \"server\": \"monarchinitiative.org\"}, \"date\": \"2017-03-13T02:38:33.000Z\", \"clinicalStatus\": {\"clinicalStatus\": \"affected\"}, \"external_id\": \"20161012_131013_809075_NA20874\", \"id\": \"P0000009\", \"ethnicity\": {\"maternal_ethnicity\": [], \"paternal_ethnicity\": []}, \"report_id\": \"P0000009\"}",
        "mme_id": null,
        "mme_submitted_data": null
    }
},
{
    "model": "seqr.individual",
    "pk": 10,
    "fields": {
        "guid": "I000010_na20875",
        "created_date": "2017-02-05T06:42:55.397Z",
        "created_by": null,
        "last_modified_date": "2017-03-13T09:07:50.100Z",
        "family": 6,
        "individual_id": "NA20875",
        "mother_id": null,
        "father_id": null,
        "sex": "M",
        "affected": "A",
        "display_name": "",
	"notes": "",
        "case_review_status": "",
        "case_review_status_last_modified_date": null,
        "case_review_status_last_modified_by": null,
        "case_review_discussion": null,
        "phenotips_patient_id": "P0000010",
        "phenotips_eid": "20161012_131013_816701_NA20875",
        "phenotips_data": "{\"life_status\": \"alive\", \"links\": {\"href\": \"http://localhost:8080/rest/patients/P0000010\", \"rel\": \"self\"}, \"solved\": {\"status\": \"unsolved\"}, \"reporter\": \"1kg\", \"last_modified_by\": \"1kg\", \"sex\": \"M\", \"last_modification_date\": \"2017-03-13T02:38:34.000Z\", \"prenatal_perinatal_phenotype\": {\"prenatal_phenotype\": [], \"negative_prenatal_phenotype\": []}, \"contact\": {\"user_id\": \"1kg\", \"name\": \"1kg\", \"email\": \"harindra@broadinstitute.org\"}, \"meta\": {\"hgnc_version\": \"2015-08-09T17:45:23.025Z\", \"hgncRemote_version\": \"2017-03-12T05:50:28.721Z\", \"hpo_version\": \"releases/2015-09-15\", \"phenotips_version\": \"1.2.6\", \"omim_version\": \"2015-10-07T18:26:19.654Z\"}, \"prenatal_perinatal_history\": {}, \"specificity\": {\"date\": \"2017-03-13T09:01:53.748Z\", \"score\": 0.0, \"server\": \"monarchinitiative.org\"}, \"date\": \"2017-03-13T02:38:33.000Z\", \"clinicalStatus\": {\"clinicalStatus\": \"affected\"}, \"external_id\": \"20161012_131013_816701_NA20875\", \"id\": \"P0000010\", \"ethnicity\": {\"maternal_ethnicity\": [], \"paternal_ethnicity\": []}, \"report_id\": \"P0000010\"}",
        "mme_id": null,
        "mme_submitted_data": null
    }
},
{
    "model": "seqr.individual",
    "pk": 11,
    "fields": {
        "guid": "I000011_na20876",
        "created_date": "2017-02-05T06:42:55.397Z",
        "created_by": null,
        "last_modified_date": "2017-03-13T09:07:50.128Z",
        "family": 7,
        "individual_id": "NA20876",
        "mother_id": null,
        "father_id": null,
        "sex": "M",
        "affected": "A",
        "display_name": "",
	"notes": "",
        "case_review_status": "",
        "case_review_status_last_modified_date": null,
        "case_review_status_last_modified_by": null,
        "case_review_discussion": null,
        "phenotips_patient_id": "P0000011",
        "phenotips_eid": "20161012_131013_823870_NA20876",
        "phenotips_data": "{\"life_status\": \"alive\", \"links\": {\"href\": \"http://localhost:8080/rest/patients/P0000011\", \"rel\": \"self\"}, \"solved\": {\"status\": \"unsolved\"}, \"reporter\": \"1kg\", \"last_modified_by\": \"1kg\", \"sex\": \"M\", \"last_modification_date\": \"2017-03-13T02:38:35.000Z\", \"prenatal_perinatal_phenotype\": {\"prenatal_phenotype\": [], \"negative_prenatal_phenotype\": []}, \"contact\": {\"user_id\": \"1kg\", \"name\": \"1kg\", \"email\": \"harindra@broadinstitute.org\"}, \"meta\": {\"hgnc_version\": \"2015-08-09T17:45:23.025Z\", \"hgncRemote_version\": \"2017-03-12T05:50:28.721Z\", \"hpo_version\": \"releases/2015-09-15\", \"phenotips_version\": \"1.2.6\", \"omim_version\": \"2015-10-07T18:26:19.654Z\"}, \"prenatal_perinatal_history\": {}, \"specificity\": {\"date\": \"2017-03-13T09:01:53.748Z\", \"score\": 0.0, \"server\": \"monarchinitiative.org\"}, \"date\": \"2017-03-13T02:38:34.000Z\", \"clinicalStatus\": {\"clinicalStatus\": \"affected\"}, \"external_id\": \"20161012_131013_823870_NA20876\", \"id\": \"P0000011\", \"ethnicity\": {\"maternal_ethnicity\": [], \"paternal_ethnicity\": []}, \"report_id\": \"P0000011\"}",
        "mme_id": null,
        "mme_submitted_data": null
    }
},
{
    "model": "seqr.individual",
    "pk": 12,
    "fields": {
        "guid": "I000012_na20877",
        "created_date": "2017-02-05T06:42:55.397Z",
        "created_by": null,
        "last_modified_date": "2017-03-13T09:07:50.158Z",
        "family": 8,
        "individual_id": "NA20877",
        "mother_id": null,
        "father_id": null,
        "sex": "M",
        "affected": "A",
        "display_name": "",
	"notes": "",
        "case_review_status": "",
        "case_review_status_last_modified_date": null,
        "case_review_status_last_modified_by": null,
        "case_review_discussion": null,
        "phenotips_patient_id": "P0000012",
        "phenotips_eid": "20161012_131013_831577_NA20877",
        "phenotips_data": "{\"life_status\": \"alive\", \"links\": {\"href\": \"http://localhost:8080/rest/patients/P0000012\", \"rel\": \"self\"}, \"solved\": {\"status\": \"unsolved\"}, \"reporter\": \"1kg\", \"last_modified_by\": \"1kg\", \"sex\": \"M\", \"last_modification_date\": \"2017-03-13T02:38:36.000Z\", \"prenatal_perinatal_phenotype\": {\"prenatal_phenotype\": [], \"negative_prenatal_phenotype\": []}, \"contact\": {\"user_id\": \"1kg\", \"name\": \"1kg\", \"email\": \"harindra@broadinstitute.org\"}, \"meta\": {\"hgnc_version\": \"2015-08-09T17:45:23.025Z\", \"hgncRemote_version\": \"2017-03-12T05:50:28.721Z\", \"hpo_version\": \"releases/2015-09-15\", \"phenotips_version\": \"1.2.6\", \"omim_version\": \"2015-10-07T18:26:19.654Z\"}, \"prenatal_perinatal_history\": {}, \"specificity\": {\"date\": \"2017-03-13T09:01:53.748Z\", \"score\": 0.0, \"server\": \"monarchinitiative.org\"}, \"date\": \"2017-03-13T02:38:35.000Z\", \"clinicalStatus\": {\"clinicalStatus\": \"affected\"}, \"external_id\": \"20161012_131013_831577_NA20877\", \"id\": \"P0000012\", \"ethnicity\": {\"maternal_ethnicity\": [], \"paternal_ethnicity\": []}, \"report_id\": \"P0000012\"}",
        "mme_id": null,
        "mme_submitted_data": null
    }
},
{
    "model": "seqr.individual",
    "pk": 13,
    "fields": {
        "guid": "I000013_na20878",
        "created_date": "2017-02-05T06:42:55.397Z",
        "created_by": null,
        "last_modified_date": "2017-03-13T09:07:50.184Z",
        "family": 9,
        "individual_id": "NA20878",
        "mother_id": null,
        "father_id": null,
        "sex": "M",
        "affected": "A",
        "display_name": "",
	"notes": "",
        "case_review_status": "",
        "case_review_status_last_modified_date": null,
        "case_review_status_last_modified_by": null,
        "case_review_discussion": null,
        "phenotips_patient_id": "P0000013",
        "phenotips_eid": "20161012_131013_841939_NA20878",
        "phenotips_data": "{\"life_status\": \"alive\", \"links\": {\"href\": \"http://localhost:8080/rest/patients/P0000013\", \"rel\": \"self\"}, \"solved\": {\"status\": \"unsolved\"}, \"reporter\": \"1kg\", \"last_modified_by\": \"1kg\", \"sex\": \"M\", \"last_modification_date\": \"2017-03-13T02:38:36.000Z\", \"prenatal_perinatal_phenotype\": {\"prenatal_phenotype\": [], \"negative_prenatal_phenotype\": []}, \"contact\": {\"user_id\": \"1kg\", \"name\": \"1kg\", \"email\": \"harindra@broadinstitute.org\"}, \"meta\": {\"hgnc_version\": \"2015-08-09T17:45:23.025Z\", \"hgncRemote_version\": \"2017-03-12T05:50:28.721Z\", \"hpo_version\": \"releases/2015-09-15\", \"phenotips_version\": \"1.2.6\", \"omim_version\": \"2015-10-07T18:26:19.654Z\"}, \"prenatal_perinatal_history\": {}, \"specificity\": {\"date\": \"2017-03-13T09:01:53.748Z\", \"score\": 0.0, \"server\": \"monarchinitiative.org\"}, \"date\": \"2017-03-13T02:38:36.000Z\", \"clinicalStatus\": {\"clinicalStatus\": \"affected\"}, \"external_id\": \"20161012_131013_841939_NA20878\", \"id\": \"P0000013\", \"ethnicity\": {\"maternal_ethnicity\": [], \"paternal_ethnicity\": []}, \"report_id\": \"P0000013\"}",
        "mme_id": null,
        "mme_submitted_data": null
    }
},
{
    "model": "seqr.individual",
    "pk": 14,
    "fields": {
        "guid": "I000014_na20881",
        "created_date": "2017-02-05T06:42:55.397Z",
        "created_by": null,
        "last_modified_date": "2017-03-13T09:07:50.213Z",
        "family": 10,
        "individual_id": "NA20881",
        "mother_id": null,
        "father_id": null,
        "sex": "M",
        "affected": "A",
        "display_name": "",
	"notes": "",
        "case_review_status": "",
        "case_review_status_last_modified_date": null,
        "case_review_status_last_modified_by": null,
        "case_review_discussion": null,
        "phenotips_patient_id": "P0000014",
        "phenotips_eid": "20161012_131013_850069_NA20881",
        "phenotips_data": "{\"life_status\": \"alive\", \"links\": {\"href\": \"http://localhost:8080/rest/patients/P0000014\", \"rel\": \"self\"}, \"solved\": {\"status\": \"unsolved\"}, \"reporter\": \"1kg\", \"last_modified_by\": \"1kg\", \"sex\": \"M\", \"last_modification_date\": \"2017-03-13T02:38:37.000Z\", \"prenatal_perinatal_phenotype\": {\"prenatal_phenotype\": [], \"negative_prenatal_phenotype\": []}, \"contact\": {\"user_id\": \"1kg\", \"name\": \"1kg\", \"email\": \"harindra@broadinstitute.org\"}, \"meta\": {\"hgnc_version\": \"2015-08-09T17:45:23.025Z\", \"hgncRemote_version\": \"2017-03-12T05:50:28.721Z\", \"hpo_version\": \"releases/2015-09-15\", \"phenotips_version\": \"1.2.6\", \"omim_version\": \"2015-10-07T18:26:19.654Z\"}, \"prenatal_perinatal_history\": {}, \"specificity\": {\"date\": \"2017-03-13T09:01:53.748Z\", \"score\": 0.0, \"server\": \"monarchinitiative.org\"}, \"date\": \"2017-03-13T02:38:37.000Z\", \"clinicalStatus\": {\"clinicalStatus\": \"affected\"}, \"external_id\": \"20161012_131013_850069_NA20881\", \"id\": \"P0000014\", \"ethnicity\": {\"maternal_ethnicity\": [], \"paternal_ethnicity\": []}, \"report_id\": \"P0000014\"}",
        "mme_id": null,
        "mme_submitted_data": null
    }
},
{
    "model": "seqr.individual",
    "pk": 15,
    "fields": {
        "guid": "I000015_na20885",
        "created_date": "2017-02-05T06:42:55.397Z",
        "created_by": null,
        "last_modified_date": "2017-03-13T09:07:50.239Z",
        "family": 11,
        "individual_id": "NA20885",
        "mother_id": null,
        "father_id": null,
        "sex": "M",
        "affected": "A",
        "display_name": "",
	"notes": "",
        "case_review_status": "E",
        "case_review_status_last_modified_date": "2017-03-12T22:34:52.302Z",
        "case_review_status_last_modified_by": null,
        "case_review_discussion": null,
        "phenotips_patient_id": "P0000015",
        "phenotips_eid": "20161012_131013_859533_NA20885",
        "phenotips_data": "{\"life_status\": \"alive\", \"links\": {\"href\": \"http://localhost:8080/rest/patients/P0000015\", \"rel\": \"self\"}, \"solved\": {\"status\": \"unsolved\"}, \"reporter\": \"1kg\", \"last_modified_by\": \"1kg\", \"sex\": \"M\", \"last_modification_date\": \"2017-03-13T02:38:39.000Z\", \"prenatal_perinatal_phenotype\": {\"prenatal_phenotype\": [], \"negative_prenatal_phenotype\": []}, \"contact\": {\"user_id\": \"1kg\", \"name\": \"1kg\", \"email\": \"harindra@broadinstitute.org\"}, \"meta\": {\"hgnc_version\": \"2015-08-09T17:45:23.025Z\", \"hgncRemote_version\": \"2017-03-12T05:50:28.721Z\", \"hpo_version\": \"releases/2015-09-15\", \"phenotips_version\": \"1.2.6\", \"omim_version\": \"2015-10-07T18:26:19.654Z\"}, \"prenatal_perinatal_history\": {}, \"specificity\": {\"date\": \"2017-03-13T09:01:53.748Z\", \"score\": 0.0, \"server\": \"monarchinitiative.org\"}, \"date\": \"2017-03-13T02:38:37.000Z\", \"clinicalStatus\": {\"clinicalStatus\": \"affected\"}, \"external_id\": \"20161012_131013_859533_NA20885\", \"id\": \"P0000015\", \"ethnicity\": {\"maternal_ethnicity\": [], \"paternal_ethnicity\": []}, \"report_id\": \"P0000015\"}",
        "mme_id": null,
        "mme_submitted_date": "2019-02-05T06:42:55.397Z",
        "mme_submitted_data": {"patient": {"id": "NA20885", "label": "NA20885", "contact": {"href": "mailto:matchmaker@broadinstitute.org", "name": "Samantha Baxter", "institution": "Broad Center for Mendelian Genomics"}, "species": "NCBITaxon:9606", "features": [{"id": "HP:0001249", "label": "Intellectual disability", "observed": "yes"}, {"id": "HP:0001252", "label": "Muscular hypotonia", "observed": "yes"}, {"id": "HP:0000505", "label": "Visual impairment", "observed": "yes"}], "genomicFeatures": [{"gene": {"id": "ENSG00000277258"}, "variant": {"end": 38739601, "start": 38739601, "assembly": "GRCh38", "referenceName": "17", "alternateBases": "A", "referenceBases": "G"}, "zygosity": 1}]}}
    }
},
{
    "model": "seqr.individual",
    "pk": 16,
    "fields": {
        "guid": "I000016_na20888",
        "created_date": "2017-02-05T06:42:55.397Z",
        "created_by": null,
        "last_modified_date": "2017-03-13T09:07:50.270Z",
        "family": 12,
        "individual_id": "NA20888",
        "mother_id": null,
        "father_id": null,
        "sex": "M",
        "affected": "A",
        "display_name": "",
	"notes": "",
        "case_review_status": "G",
        "case_review_status_last_modified_date": "2017-03-12T22:34:55.895Z",
        "case_review_status_last_modified_by": null,
        "case_review_discussion": null,
        "phenotips_patient_id": "P0000016",
        "phenotips_eid": "20161012_131013_867124_NA20888",
        "phenotips_data": "{\"life_status\": \"alive\", \"links\": {\"href\": \"http://localhost:8080/rest/patients/P0000016\", \"rel\": \"self\"}, \"solved\": {\"status\": \"unsolved\"}, \"reporter\": \"1kg\", \"last_modified_by\": \"1kg\", \"sex\": \"M\", \"last_modification_date\": \"2017-03-13T02:38:40.000Z\", \"prenatal_perinatal_phenotype\": {\"prenatal_phenotype\": [], \"negative_prenatal_phenotype\": []}, \"contact\": {\"user_id\": \"1kg\", \"name\": \"1kg\", \"email\": \"harindra@broadinstitute.org\"}, \"meta\": {\"hgnc_version\": \"2015-08-09T17:45:23.025Z\", \"hgncRemote_version\": \"2017-03-12T05:50:28.721Z\", \"hpo_version\": \"releases/2015-09-15\", \"phenotips_version\": \"1.2.6\", \"omim_version\": \"2015-10-07T18:26:19.654Z\"}, \"prenatal_perinatal_history\": {}, \"specificity\": {\"date\": \"2017-03-13T09:01:53.748Z\", \"score\": 0.0, \"server\": \"monarchinitiative.org\"}, \"date\": \"2017-03-13T02:38:39.000Z\", \"clinicalStatus\": {\"clinicalStatus\": \"affected\"}, \"external_id\": \"20161012_131013_867124_NA20888\", \"id\": \"P0000016\", \"ethnicity\": {\"maternal_ethnicity\": [], \"paternal_ethnicity\": []}, \"report_id\": \"P0000016\"}",
        "mme_id": null,
        "mme_submitted_data": null
    }
},
{
    "model": "seqr.sample",
    "pk": 129,
    "fields": {
        "guid": "S000129_na19675",
        "created_date": "2017-02-05T06:42:55.397Z",
        "created_by": null,
        "last_modified_date": "2017-03-13T09:07:49.744Z",

        "individual": 1,
        "sample_type": "WES",
        "dataset_type": "VARIANTS",
        "sample_id": "NA19675",
        "sample_status": "loaded",
        "elasticsearch_index": "test_index",
        "dataset_file_path": "1kg.vcf.gz",
        "loaded_date": "2017-02-05T06:42:55.397Z"
    }
},
{
    "model": "seqr.sample",
    "pk": 131,
    "fields": {
        "guid": "S000131_na19679",
        "created_date": "2017-02-05T06:42:55.397Z",
        "created_by": null,
        "last_modified_date": "2017-03-13T09:07:49.800Z",

        "sample_id": "NA19679",
        "sample_type": "WES",
        "sample_status": "Loading",
        "individual": 3,
        "dataset_type": "VARIANTS",
        "dataset_file_path": "1kg.vcf.gz",
        "loaded_date": "2017-02-05T06:42:55.397Z"
    }
},
{
    "model": "seqr.sample",
    "pk": 132,
    "fields": {
        "guid": "S000132_hg00731",
        "created_date": "2017-02-05T06:42:55.397Z",
        "created_by": null,
        "last_modified_date": "2017-03-13T09:07:49.937Z",
        "elasticsearch_index": "test_index",
        "sample_id": "HG00731",
        "sample_type": "WES",
        "sample_status": "loaded",
        "individual": 4,
        "dataset_type": "VARIANTS",
        "dataset_file_path": "1kg.vcf.gz",
        "loaded_date": "2017-02-05T06:42:55.397Z"
    }
},
{
    "model": "seqr.sample",
    "pk": 133,
    "fields": {
        "guid": "S000133_hg00732",
        "created_date": "2017-02-05T06:42:55.397Z",
        "created_by": null,
        "last_modified_date": "2017-03-13T09:07:49.963Z",
        "elasticsearch_index": "test_index",
        "sample_id": "HG00732",
        "sample_type": "WES",
        "sample_status": "loaded",
        "individual": 5,
        "dataset_type": "VARIANTS",
        "dataset_file_path": "1kg.vcf.gz",
        "loaded_date": "2017-02-05T06:42:55.397Z"
    }
},
{
    "model": "seqr.sample",
    "pk": 134,
    "fields": {
        "guid": "S000134_hg00733",
        "created_date": "2017-02-05T06:42:55.397Z",
        "created_by": null,
        "last_modified_date": "2017-03-13T09:07:49.990Z",
        "elasticsearch_index": "test_index",
        "sample_id": "HG00733",
        "sample_type": "WES",
        "sample_status": "loaded",
        "individual": 6,
        "dataset_type": "VARIANTS",
        "dataset_file_path": "1kg.vcf.gz",
        "loaded_date": "2017-02-05T06:42:55.397Z"
    }
},
{
    "model": "seqr.sample",
    "pk": 135,
    "fields": {
        "guid": "S000135_na20870",
        "created_date": "2017-02-05T06:42:55.397Z",
        "created_by": null,
        "last_modified_date": "2017-03-13T09:07:50.022Z",
        "elasticsearch_index": "test_index",
        "sample_id": "NA20870",
        "sample_type": "WES",
        "sample_status": "loaded",
        "individual": 7,
        "dataset_type": "VARIANTS",
        "dataset_file_path": "1kg.vcf.gz",
        "loaded_date": "2017-02-05T06:42:55.397Z"
    }
},
{
    "model": "seqr.sample",
    "pk": 136,
    "fields": {
        "guid": "S000136_na20872",
        "created_date": "2017-02-05T06:42:55.397Z",
        "created_by": null,
        "last_modified_date": "2017-03-13T09:07:50.052Z",
        
        "sample_id": "NA20872",
        "sample_type": "WES",
        "sample_status": "loaded",
        "individual": 8,
        "dataset_type": "VARIANTS",
        "dataset_file_path": "1kg.vcf.gz",
        "loaded_date": "2017-02-05T06:42:55.397Z"
    }
},
{
    "model": "seqr.sample",
    "pk": 137,
    "fields": {
        "guid": "S000137_na20874",
        "created_date": "2017-02-05T06:42:55.397Z",
        "created_by": null,
        "last_modified_date": "2017-03-13T09:07:50.079Z",
        "elasticsearch_index": "test_index",
        "sample_id": "NA20874",
        "sample_type": "WES",
        "sample_status": "loaded",
        "individual": 9,
        "dataset_type": "VARIANTS",
        "dataset_file_path": "1kg.vcf.gz",
        "loaded_date": "2017-02-05T06:42:55.397Z"
    }
},
{
    "model": "seqr.sample",
    "pk": 138,
    "fields": {
        "guid": "S000138_na20875",
        "created_date": "2017-02-05T06:42:55.397Z",
        "created_by": null,
        "last_modified_date": "2017-03-13T09:07:50.111Z",
        
        "sample_id": "NA20875",
        "sample_type": "WES",
        "sample_status": "loaded",
        "individual": 10,
        "dataset_type": "VARIANTS",
        "dataset_file_path": "1kg.vcf.gz",
        "loaded_date": "2017-02-05T06:42:55.397Z"
    }
},
{
    "model": "seqr.sample",
    "pk": 139,
    "fields": {
        "guid": "S000139_na20876",
        "created_date": "2017-02-05T06:42:55.397Z",
        "created_by": null,
        "last_modified_date": "2017-03-13T09:07:50.136Z",
        
        "sample_id": "NA20876",
        "sample_type": "WES",
        "sample_status": "loaded",
        "individual": 11,
        "dataset_type": "VARIANTS",
        "dataset_file_path": "1kg.vcf.gz",
        "loaded_date": "2017-02-05T06:42:55.397Z"
    }
},
{
    "model": "seqr.sample",
    "pk": 140,
    "fields": {
        "guid": "S000140_na20877",
        "created_date": "2017-02-05T06:42:55.397Z",
        "created_by": null,
        "last_modified_date": "2017-03-13T09:07:50.165Z",
        
        "sample_id": "NA20877",
        "sample_type": "WES",
        "sample_status": "loaded",
    	"individual": 12,
        "dataset_type": "VARIANTS",
        "dataset_file_path": "1kg.vcf.gz",
        "loaded_date": "2017-02-05T06:42:55.397Z"
    }
},
{
    "model": "seqr.sample",
    "pk": 141,
    "fields": {
        "guid": "S000141_na20878",
        "created_date": "2017-02-05T06:42:55.397Z",
        "created_by": null,
        "last_modified_date": "2017-03-13T09:07:50.193Z",
        
        "sample_id": "NA20878",
        "sample_type": "WES",
        "sample_status": "loaded",
    	"individual": 13,
        "dataset_type": "VARIANTS",
        "dataset_file_path": "1kg.vcf.gz",
        "loaded_date": "2017-02-05T06:42:55.397Z"
    }
},
{
    "model": "seqr.sample",
    "pk": 142,
    "fields": {
        "guid": "S000142_na20881",
        "created_date": "2017-02-05T06:42:55.397Z",
        "created_by": null,
        "last_modified_date": "2017-03-13T09:07:50.220Z",
        
        "sample_id": "NA20881",
        "sample_type": "WES",
        "sample_status": "loaded",
    	"individual": 14,
        "dataset_type": "VARIANTS",
        "dataset_file_path": "1kg.vcf.gz",
        "loaded_date": "2017-02-05T06:42:55.397Z"
    }
},
{
    "model": "seqr.sample",
    "pk": 143,
    "fields": {
        "guid": "S000143_na20885",
        "created_date": "2017-02-05T06:42:55.397Z",
        "created_by": null,
        "last_modified_date": "2017-03-13T09:07:50.247Z",
        "elasticsearch_index": "test_index_second",
        "sample_id": "NA20885",
        "sample_type": "WES",
        "sample_status": "loaded",
        "individual": 15,
        "dataset_type": "VARIANTS",
        "dataset_file_path": "1kg.vcf.gz",
        "loaded_date": "2017-02-05T06:42:55.397Z"
    }
},
{
    "model": "seqr.sample",
    "pk": 144,
    "fields": {
        "guid": "S000144_na20888",
        "created_date": "2017-02-05T06:42:55.397Z",
        "created_by": null,
        "last_modified_date": "2017-03-13T09:07:50.277Z",
        
        "sample_id": "NA20888",
        "sample_type": "WES",
        "sample_status": "loaded",
        "individual": 16,
        "dataset_type": "VARIANTS",
        "dataset_file_path": "1kg.vcf.gz",
        "loaded_date": "2017-02-05T06:42:55.397Z"
    }
},
{
    "model": "seqr.varianttagtype",
    "pk": 1,
    "fields": {
        "guid": "VTT_tier_1_novel_gene_and_phen",
        "created_date": "2018-04-27T00:00:00.000Z",
        "created_by": null,
        "last_modified_date": null,
        "project": null,
        "name": "Tier 1 - Novel gene and phenotype",
        "category": "CMG Discovery Tags",
        "description": "Gene not previously associated with a Mendelian condition",
        "color": "#03441E",
        "order": 1.0,
        "is_built_in": true
    }
},
{
    "model": "seqr.varianttagtype",
    "pk": 2,
    "fields": {
        "guid": "VTT_review",
        "created_date": "2018-04-27T00:00:00.000Z",
        "created_by": null,
        "last_modified_date": null,
        "project": null,
        "name": "Review",
        "category": "Collaboration",
        "description": "To mark a variant and/or gene of interest for further review.",
        "color": "#668FE3",
        "order": 11.0,
        "is_built_in": true
    }
},
{
    "model": "seqr.varianttagtype",
    "pk": 3,
    "fields": {
        "guid": "VTT_excluded",
        "created_date": "2018-04-27T00:00:00.000Z",
        "created_by": null,
        "last_modified_date": null,
        "project": null,
        "name": "Excluded",
        "category": "Collaboration",
        "description": "To mark a variant and/or gene you previously reviewed but do not think it contributing to the phenotype in this case. To help other members of your team (and yourself), please consider also adding a note with details of why you reprioritized this variant.",
        "color": "#555555",
        "order": 15.0,
        "is_built_in": true
    }
},
{
    "model": "seqr.savedvariant",
    "pk": 1,
    "fields": {
        "guid": "SV0000001_2103343353_r0390_100",
        "created_date": "2018-05-15T14:51:54.491Z",
        "created_by": null,
        "last_modified_date": "2018-05-31T16:36:02.812Z",
        "xpos_start": 2103343353,
        "xpos_end": 2103343356,
        "ref": "GAGA",
        "alt": "G",
        "saved_variant_json": "{\"xpos\": 2103343353, \"vcf_id\": null, \"pos\": 103343353, \"vartype\": \"indel\", \"alt\": \"G\", \"annotation\": {\"gene_ids\": [\"ENSG00000135953\"], \"coding_gene_ids\": [\"ENSG00000135953\"], \"cadd_phred\": \"14.33\", \"worst_vep_annotation_index\": 0, \"vep_annotation\": [{\"appris\": \"\", \"aa_maf\": \"\", \"ea_maf\": \"\", \"exac_fin_maf\": \"\", \"clin_sig\": \"\", \"hgnc_id\": \"28158\", \"existing_variation\": \"rs772070439\", \"exac_oth_maf\": \"\", \"hgvs_offset\": \"\", \"fathmm_pred\": \"\", \"cadd_phred\": \"\", \"eas_maf\": \"\", \"gene_pheno\": \"\", \"ccds\": \"CCDS2063.1\", \"exac_nfe_maf\": \"\", \"high_inf_pos\": \"\", \"cdna_position\": \"419-421\", \"canonical\": \"YES\", \"impact\": \"MODERATE\", \"tsl\": \"\", \"lof\": \"\", \"metasvm_pred\": \"\", \"intron\": \"\", \"trembl\": \"B4DKY6\", \"feature\": \"ENST00000258436\", \"codons\": \"ctTCTc/ctc\", \"motif_name\": \"\", \"polyphen\": \"\", \"lof_filter\": \"\", \"motif_pos\": \"\", \"strand\": \"-1\", \"exac_eas_maf\": \"\", \"protein_position\": \"125-126\", \"lof_flags\": \"\", \"afr_maf\": \"\", \"sift_pred\": \"\", \"consequence\": \"inframe_deletion\", \"cds_position\": \"375-377\", \"ensp\": \"ENSP00000258436\", \"symbol\": \"MFSD9\", \"exac_amr_maf\": \"\", \"exac_adj_maf\": \"\", \"uniparc\": \"UPI0000070215\", \"eur_maf\": \"\", \"mutationtaster_pred\": \"\", \"sift\": \"\", \"variant_class\": \"deletion\", \"exon\": \"4/6\", \"biotype\": \"protein_coding\", \"exac_afr_maf\": \"\", \"is_nc\": false, \"gmaf\": \"\", \"exac_sas_maf\": \"\", \"exac_maf\": \"\", \"feature_type\": \"Transcript\", \"allele_num\": \"1\", \"distance\": \"\", \"hgvsp\": \"ENSP00000258436.5:p.Leu126del\", \"amino_acids\": \"LL/L\", \"allele\": \"-\", \"symbol_source\": \"HGNC\", \"amr_maf\": \"\", \"lof_info\": \"POSITION:0.264561403508772\", \"motif_score_change\": \"\", \"somatic\": \"\", \"hgvsc\": \"ENST00000258436.5:c.375_377delTCT\", \"pheno\": \"\", \"pubmed\": \"\", \"flags\": \"\", \"is_nmd\": false, \"domains\": \"Low_complexity_(Seg):seg&Transmembrane_helices:TMhelix&PROSITE_profiles:PS50850&hmmpanther:PTHR24003:SF492&hmmpanther:PTHR24003&Pfam_domain:PF07690&Gene3D:1.20.1250.20&Superfamily_domains:SSF103473&Prints_domain:PR01035\", \"gene\": \"ENSG00000135953\", \"polyphen2_hvar_pred\": \"\", \"sas_maf\": \"\", \"swissprot\": \"Q8NBP5\"}, {\"appris\": \"\", \"aa_maf\": \"\", \"ea_maf\": \"\", \"exac_fin_maf\": \"\", \"clin_sig\": \"\", \"hgnc_id\": \"28158\", \"existing_variation\": \"rs772070439\", \"exac_oth_maf\": \"\", \"hgvs_offset\": \"\", \"fathmm_pred\": \"\", \"cadd_phred\": \"\", \"eas_maf\": \"\", \"gene_pheno\": \"\", \"ccds\": \"\", \"exac_nfe_maf\": \"\", \"high_inf_pos\": \"\", \"cdna_position\": \"558-560\", \"canonical\": \"\", \"impact\": \"MODIFIER\", \"tsl\": \"\", \"lof\": \"\", \"metasvm_pred\": \"\", \"intron\": \"\", \"trembl\": \"F2Z2A2\", \"feature\": \"ENST00000411991\", \"codons\": \"\", \"motif_name\": \"\", \"polyphen\": \"\", \"lof_filter\": \"\", \"motif_pos\": \"\", \"strand\": \"-1\", \"exac_eas_maf\": \"\", \"protein_position\": \"\", \"lof_flags\": \"\", \"afr_maf\": \"\", \"sift_pred\": \"\", \"consequence\": \"3_prime_UTR_variant\", \"cds_position\": \"\", \"ensp\": \"ENSP00000392605\", \"symbol\": \"MFSD9\", \"exac_amr_maf\": \"\", \"exac_adj_maf\": \"\", \"uniparc\": \"UPI0000207F51\", \"eur_maf\": \"\", \"mutationtaster_pred\": \"\", \"sift\": \"\", \"variant_class\": \"deletion\", \"exon\": \"5/7\", \"biotype\": \"nonsense_mediated_decay\", \"exac_afr_maf\": \"\", \"is_nc\": false, \"gmaf\": \"\", \"exac_sas_maf\": \"\", \"exac_maf\": \"\", \"feature_type\": \"Transcript\", \"allele_num\": \"1\", \"distance\": \"\", \"hgvsp\": \"\", \"amino_acids\": \"\", \"allele\": \"-\", \"symbol_source\": \"HGNC\", \"amr_maf\": \"\", \"lof_info\": \"\", \"motif_score_change\": \"\", \"somatic\": \"\", \"hgvsc\": \"ENST00000411991.1:c.*211_*213delTCT\", \"pheno\": \"\", \"pubmed\": \"\", \"flags\": \"\", \"is_nmd\": false, \"domains\": \"\", \"gene\": \"ENSG00000135953\", \"polyphen2_hvar_pred\": \"\", \"sas_maf\": \"\", \"swissprot\": \"\"}, {\"appris\": \"\", \"aa_maf\": \"\", \"ea_maf\": \"\", \"exac_fin_maf\": \"\", \"clin_sig\": \"\", \"hgnc_id\": \"28158\", \"existing_variation\": \"rs772070439\", \"exac_oth_maf\": \"\", \"hgvs_offset\": \"\", \"fathmm_pred\": \"\", \"cadd_phred\": \"\", \"eas_maf\": \"\", \"gene_pheno\": \"\", \"ccds\": \"\", \"exac_nfe_maf\": \"\", \"high_inf_pos\": \"\", \"cdna_position\": \"\", \"canonical\": \"\", \"impact\": \"MODIFIER\", \"tsl\": \"\", \"lof\": \"\", \"metasvm_pred\": \"\", \"intron\": \"\", \"trembl\": \"F8WE00\", \"feature\": \"ENST00000421966\", \"codons\": \"\", \"motif_name\": \"\", \"polyphen\": \"\", \"lof_filter\": \"\", \"motif_pos\": \"\", \"strand\": \"-1\", \"exac_eas_maf\": \"\", \"protein_position\": \"\", \"lof_flags\": \"\", \"afr_maf\": \"\", \"sift_pred\": \"\", \"consequence\": \"downstream_gene_variant\", \"cds_position\": \"\", \"ensp\": \"ENSP00000402411\", \"symbol\": \"MFSD9\", \"exac_amr_maf\": \"\", \"exac_adj_maf\": \"\", \"uniparc\": \"UPI00018816BD\", \"eur_maf\": \"\", \"mutationtaster_pred\": \"\", \"sift\": \"\", \"variant_class\": \"deletion\", \"exon\": \"\", \"biotype\": \"nonsense_mediated_decay\", \"exac_afr_maf\": \"\", \"is_nc\": false, \"gmaf\": \"\", \"exac_sas_maf\": \"\", \"exac_maf\": \"\", \"feature_type\": \"Transcript\", \"allele_num\": \"1\", \"distance\": \"21\", \"hgvsp\": \"\", \"amino_acids\": \"\", \"allele\": \"-\", \"symbol_source\": \"HGNC\", \"amr_maf\": \"\", \"lof_info\": \"\", \"motif_score_change\": \"\", \"somatic\": \"\", \"hgvsc\": \"\", \"pheno\": \"\", \"pubmed\": \"\", \"flags\": \"\", \"is_nmd\": false, \"domains\": \"\", \"gene\": \"ENSG00000135953\", \"polyphen2_hvar_pred\": \"\", \"sas_maf\": \"\", \"swissprot\": \"\"}, {\"appris\": \"\", \"aa_maf\": \"\", \"ea_maf\": \"\", \"exac_fin_maf\": \"\", \"clin_sig\": \"\", \"hgnc_id\": \"28158\", \"existing_variation\": \"rs772070439\", \"exac_oth_maf\": \"\", \"hgvs_offset\": \"\", \"fathmm_pred\": \"\", \"cadd_phred\": \"\", \"eas_maf\": \"\", \"gene_pheno\": \"\", \"ccds\": \"\", \"exac_nfe_maf\": \"\", \"high_inf_pos\": \"\", \"cdna_position\": \"141-143\", \"canonical\": \"\", \"impact\": \"MODERATE\", \"tsl\": \"\", \"lof\": \"\", \"metasvm_pred\": \"\", \"intron\": \"\", \"trembl\": \"H7C3S7\", \"feature\": \"ENST00000428085\", \"codons\": \"ctTCTc/ctc\", \"motif_name\": \"\", \"polyphen\": \"\", \"lof_filter\": \"\", \"motif_pos\": \"\", \"strand\": \"-1\", \"exac_eas_maf\": \"\", \"protein_position\": \"47-48\", \"lof_flags\": \"\", \"afr_maf\": \"\", \"sift_pred\": \"\", \"consequence\": \"inframe_deletion\", \"cds_position\": \"141-143\", \"ensp\": \"ENSP00000413641\", \"symbol\": \"MFSD9\", \"exac_amr_maf\": \"\", \"exac_adj_maf\": \"\", \"uniparc\": \"UPI00018816BC\", \"eur_maf\": \"\", \"mutationtaster_pred\": \"\", \"sift\": \"\", \"variant_class\": \"deletion\", \"exon\": \"3/5\", \"biotype\": \"nonsense_mediated_decay\", \"exac_afr_maf\": \"\", \"is_nc\": false, \"gmaf\": \"\", \"exac_sas_maf\": \"\", \"exac_maf\": \"\", \"feature_type\": \"Transcript\", \"allele_num\": \"1\", \"distance\": \"\", \"hgvsp\": \"ENSP00000413641.1:p.Leu48del\", \"amino_acids\": \"LL/L\", \"allele\": \"-\", \"symbol_source\": \"HGNC\", \"amr_maf\": \"\", \"lof_info\": \"\", \"motif_score_change\": \"\", \"somatic\": \"\", \"hgvsc\": \"ENST00000428085.1:c.141_143delTCT\", \"pheno\": \"\", \"pubmed\": \"\", \"flags\": \"cds_start_NF\", \"is_nmd\": false, \"domains\": \"Low_complexity_(Seg):seg&Transmembrane_helices:TMhelix&Gene3D:1.20.1250.20&Superfamily_domains:SSF103473&Pfam_domain:PF07690&hmmpanther:PTHR24003&hmmpanther:PTHR24003:SF492&PROSITE_profiles:PS50850\", \"gene\": \"ENSG00000135953\", \"polyphen2_hvar_pred\": \"\", \"sas_maf\": \"\", \"swissprot\": \"\"}, {\"appris\": \"\", \"aa_maf\": \"\", \"ea_maf\": \"\", \"exac_fin_maf\": \"\", \"clin_sig\": \"\", \"hgnc_id\": \"28158\", \"existing_variation\": \"rs772070439\", \"exac_oth_maf\": \"\", \"hgvs_offset\": \"\", \"fathmm_pred\": \"\", \"cadd_phred\": \"\", \"eas_maf\": \"\", \"gene_pheno\": \"\", \"ccds\": \"\", \"exac_nfe_maf\": \"\", \"high_inf_pos\": \"\", \"cdna_position\": \"541-543\", \"canonical\": \"\", \"impact\": \"MODIFIER\", \"tsl\": \"\", \"lof\": \"\", \"metasvm_pred\": \"\", \"intron\": \"\", \"trembl\": \"F8WDV5\", \"feature\": \"ENST00000437075\", \"codons\": \"\", \"motif_name\": \"\", \"polyphen\": \"\", \"lof_filter\": \"\", \"motif_pos\": \"\", \"strand\": \"-1\", \"exac_eas_maf\": \"\", \"protein_position\": \"\", \"lof_flags\": \"\", \"afr_maf\": \"\", \"sift_pred\": \"\", \"consequence\": \"3_prime_UTR_variant\", \"cds_position\": \"\", \"ensp\": \"ENSP00000414870\", \"symbol\": \"MFSD9\", \"exac_amr_maf\": \"\", \"exac_adj_maf\": \"\", \"uniparc\": \"UPI00018816BB\", \"eur_maf\": \"\", \"mutationtaster_pred\": \"\", \"sift\": \"\", \"variant_class\": \"deletion\", \"exon\": \"5/7\", \"biotype\": \"nonsense_mediated_decay\", \"exac_afr_maf\": \"\", \"is_nc\": false, \"gmaf\": \"\", \"exac_sas_maf\": \"\", \"exac_maf\": \"\", \"feature_type\": \"Transcript\", \"allele_num\": \"1\", \"distance\": \"\", \"hgvsp\": \"\", \"amino_acids\": \"\", \"allele\": \"-\", \"symbol_source\": \"HGNC\", \"amr_maf\": \"\", \"lof_info\": \"\", \"motif_score_change\": \"\", \"somatic\": \"\", \"hgvsc\": \"ENST00000437075.2:c.*176_*178delTCT\", \"pheno\": \"\", \"pubmed\": \"\", \"flags\": \"\", \"is_nmd\": false, \"domains\": \"\", \"gene\": \"ENSG00000135953\", \"polyphen2_hvar_pred\": \"\", \"sas_maf\": \"\", \"swissprot\": \"\"}, {\"appris\": \"\", \"aa_maf\": \"\", \"ea_maf\": \"\", \"exac_fin_maf\": \"\", \"clin_sig\": \"\", \"hgnc_id\": \"28158\", \"existing_variation\": \"rs772070439\", \"exac_oth_maf\": \"\", \"hgvs_offset\": \"\", \"fathmm_pred\": \"\", \"cadd_phred\": \"\", \"eas_maf\": \"\", \"gene_pheno\": \"\", \"ccds\": \"\", \"exac_nfe_maf\": \"\", \"high_inf_pos\": \"\", \"cdna_position\": \"558-560\", \"canonical\": \"\", \"impact\": \"MODIFIER\", \"tsl\": \"\", \"lof\": \"\", \"metasvm_pred\": \"\", \"intron\": \"\", \"trembl\": \"F2Z2A2\", \"feature\": \"ENST00000438943\", \"codons\": \"\", \"motif_name\": \"\", \"polyphen\": \"\", \"lof_filter\": \"\", \"motif_pos\": \"\", \"strand\": \"-1\", \"exac_eas_maf\": \"\", \"protein_position\": \"\", \"lof_flags\": \"\", \"afr_maf\": \"\", \"sift_pred\": \"\", \"consequence\": \"3_prime_UTR_variant\", \"cds_position\": \"\", \"ensp\": \"ENSP00000408630\", \"symbol\": \"MFSD9\", \"exac_amr_maf\": \"\", \"exac_adj_maf\": \"\", \"uniparc\": \"UPI0000207F51\", \"eur_maf\": \"\", \"mutationtaster_pred\": \"\", \"sift\": \"\", \"variant_class\": \"deletion\", \"exon\": \"5/7\", \"biotype\": \"nonsense_mediated_decay\", \"exac_afr_maf\": \"\", \"is_nc\": false, \"gmaf\": \"\", \"exac_sas_maf\": \"\", \"exac_maf\": \"\", \"feature_type\": \"Transcript\", \"allele_num\": \"1\", \"distance\": \"\", \"hgvsp\": \"\", \"amino_acids\": \"\", \"allele\": \"-\", \"symbol_source\": \"HGNC\", \"amr_maf\": \"\", \"lof_info\": \"\", \"motif_score_change\": \"\", \"somatic\": \"\", \"hgvsc\": \"ENST00000438943.1:c.*211_*213delTCT\", \"pheno\": \"\", \"pubmed\": \"\", \"flags\": \"\", \"is_nmd\": false, \"domains\": \"\", \"gene\": \"ENSG00000135953\", \"polyphen2_hvar_pred\": \"\", \"sas_maf\": \"\", \"swissprot\": \"\"}], \"fathmm\": null, \"vep_consequence\": \"inframe_deletion\", \"annotation_tags\": [\"inframe_deletion\", \"3_prime_UTR_variant\", \"downstream_gene_variant\"], \"muttaster\": null, \"worst_vep_index_per_gene\": {\"ENSG00000135953\": 0}, \"freqs\": {\"gnomad-genomes2\": 0.0, \"1kg_wgs_phase3\": 0.0, \"exac_v3\": 4.944946264917255e-05, \"exac_v3_popmax\": 0.000242306760358614, \"1kg_wgs_phase3_popmax\": 0.0, \"gnomad-exomes2\": 2.4418633044922146e-05}, \"sift\": null, \"metasvm\": \"\", \"vep_group\": \"inframe\", \"polyphen\": null}, \"gene_ids\": [\"ENSG00000135953\"], \"coding_gene_ids\": [\"ENSG00000135953\"], \"pos_end\": 103343352.0, \"xposx\": 2103343352, \"chr\": \"2\", \"extras\": {\"gene_info\": {}, \"orig_alt_alleles\": [\"G\"], \"genes\": {\"ENSG00000135953\": {\"disease_gene_lists\": [], \"missense_constraint\": -1.4328463799518898, \"high_variability\": false, \"symbol\": \"MFSD9\", \"lof_constraint_rank\": [14340, 18225], \"gene_id\": \"ENSG00000135953\", \"missense_constraint_rank\": [16775, 18225], \"lof_constraint\": 7.72060377762361e-06, \"coding_size\": 1482}}, \"alt_allele_pos\": 0, \"disease_genes\": [], \"family_id\": \"1\", \"in_disease_gene_db\": false, \"clinvar_clinsig\": \"\", \"project_id\": \"1kg\", \"gene_names\": {\"ENSG00000135953\": \"MFSD9\"}, \"clinvar_variant_id\": null}, \"ref\": \"GAGA\", \"genotypes\": {\"NA19675_1\": {\"ab\": 0.7021276595744681, \"gq\": 46.0, \"alleles\": [\"GAGA\", \"G\"], \"num_alt\": 1, \"filter\": \"pass\", \"extras\": {\"dp\": \"50\", \"pl\": \"46,0,686\", \"ad\": \"14,33\"}}, \"NA19679\": {\"ab\": 0.0, \"gq\": 99.0, \"alleles\": [\"GAGA\", \"GAGA\"], \"num_alt\": 0, \"filter\": \"pass\", \"extras\": {\"dp\": \"45\", \"pl\": \"0,135,1525\", \"ad\": \"45,0\"}}, \"NA19678\": {\"ab\": 0.0, \"gq\": 99.0, \"alleles\": [\"GAGA\", \"GAGA\"], \"num_alt\": 0, \"filter\": \"pass\", \"extras\": {\"dp\": \"43\", \"pl\": \"0,126,1479\", \"ad\": \"42,0\"}}}}",
        "project": 1,
        "family": 1
    }
},
{
    "model": "seqr.savedvariant",
    "pk": 2,
    "fields": {
        "guid": "SV0000002_1248367227_r0390_100",
        "created_date": "2018-05-15T14:51:56.943Z",
        "created_by": null,
        "last_modified_date": "2018-05-31T16:36:02.805Z",
        "xpos_start": 1248367227,
        "xpos_end": 1248367228,
        "ref": "TC",
        "alt": "T",
        "saved_variant_json": "{\"xpos\": 1248367227, \"vcf_id\": null, \"pos\": 248367227, \"vartype\": \"indel\", \"alt\": \"T\", \"annotation\": {\"gene_ids\": [\"ENSG00000228198\"], \"coding_gene_ids\": [\"ENSG00000228198\"], \"cadd_phred\": \"27.2\", \"worst_vep_annotation_index\": 0, \"vep_annotation\": [], \"fathmm\": null, \"vep_consequence\": \"frameshift_variant\", \"annotation_tags\": [\"frameshift_variant\"], \"muttaster\": null, \"worst_vep_index_per_gene\": {\"ENSG00000228198\": 0}, \"freqs\": {\"gnomad-genomes2\": 0.00012925741614425127, \"1kg_wgs_phase3\": 0.0, \"exac_v3\": 6.594783526230752e-05, \"exac_v3_popmax\": 0.0006726888333653661, \"1kg_wgs_phase3_popmax\": 0.0, \"gnomad-exomes2\": 6.505916317651364e-05}, \"sift\": null, \"metasvm\": \"\", \"vep_group\": \"frameshift\", \"polyphen\": null}, \"gene_ids\": [\"ENSG00000228198\"], \"coding_gene_ids\": [\"ENSG00000228198\"], \"pos_end\": 248367226.0, \"xposx\": 1248367226, \"chr\": \"1\", \"extras\": {\"gene_info\": {}, \"orig_alt_alleles\": [\"T\"], \"genes\": {\"ENSG00000228198\": {\"disease_gene_lists\": [], \"missense_constraint\": -0.7885573790993861, \"high_variability\": false, \"symbol\": \"OR2M3\", \"lof_constraint_rank\": [8248, 18225], \"gene_id\": \"ENSG00000228198\", \"missense_constraint_rank\": [15052, 18225], \"lof_constraint\": 0.0671997116609769, \"coding_size\": 936}}, \"alt_allele_pos\": 0, \"disease_genes\": [], \"family_id\": \"1\", \"in_disease_gene_db\": false, \"clinvar_clinsig\": \"\", \"project_id\": \"1kg\", \"gene_names\": {\"ENSG00000228198\": \"OR2M3\"}, \"clinvar_variant_id\": null}, \"ref\": \"TC\", \"genotypes\": {\"NA19675\": {\"ab\": 1.0, \"gq\": 99.0, \"alleles\": [\"T\", \"T\"], \"num_alt\": 2, \"filter\": \"pass\", \"extras\": {\"dp\": \"74\", \"pl\": \"358,132,0\", \"ad\": \"0,74\"}}, \"NA19679\": {\"ab\": 0.0, \"gq\": 99.0, \"alleles\": [\"TC\", \"TC\"], \"num_alt\": 0, \"filter\": \"pass\", \"extras\": {\"dp\": \"71\", \"pl\": \"0,213,1918\", \"ad\": \"71,0\"}}, \"NA19678\": {\"ab\": 0.0, \"gq\": 99.0, \"alleles\": [\"TC\", \"TC\"], \"num_alt\": 0, \"filter\": \"pass\", \"extras\": {\"dp\": \"77\", \"pl\": \"0,232,3036\", \"ad\": \"77,0\"}}}}",
        "project": 1,
        "family": 2
    }
},
{
    "model": "seqr.savedvariant",
    "pk": 3,
    "fields": {
        "guid": "SV0000003_2246859832_r0390_100",
        "created_date": "2018-05-15T14:51:57.255Z",
        "created_by": null,
        "last_modified_date": "2018-05-31T16:36:02.817Z",
        "xpos_start": 22046859832,
        "xpos_end": 22046859832,
        "ref": "C",
        "alt": "T",
        "saved_variant_json": "{\"xpos\": 22046859832, \"vcf_id\": null, \"pos\": 46859832, \"vartype\": \"snp\", \"alt\": \"T\", \"annotation\": {\"gene_ids\": [\"ENSG00000075275\"], \"coding_gene_ids\": [\"ENSG00000075275\"], \"cadd_phred\": \"31\", \"worst_vep_annotation_index\": 0, \"vep_annotation\": [{\"ea_maf\": \"\", \"clin_sig\": \"\", \"hgnc_id\": \"1850\", \"existing_variation\": \"\", \"pubmed\": \"\", \"fathmm_pred\": \"T%3BT\", \"cadd_phred\": \"33\", \"aa_maf\": \"\", \"ccds\": \"CCDS14076.1\", \"high_inf_pos\": \"\", \"cdna_position\": \"3955\", \"canonical\": \"YES\", \"tsl\": \"\", \"lof\": \"\", \"metasvm_pred\": \"D\", \"intron\": \"\", \"trembl\": \"Q8NDT0_HUMAN\", \"feature\": \"ENST00000262738\", \"codons\": \"Gtg/Atg\", \"motif_name\": \"\", \"polyphen\": \"probably_damaging(0.999)\", \"lof_filter\": \"\", \"motif_pos\": \"\", \"protein_position\": \"1319\", \"lof_flags\": \"\", \"afr_maf\": \"\", \"sift_pred\": \"D%3BD\", \"consequence\": \"missense_variant\", \"cds_position\": \"3955\", \"ensp\": \"ENSP00000262738\", \"symbol\": \"CELSR1\", \"uniparc\": \"UPI0000040648\", \"eur_maf\": \"\", \"mutationtaster_pred\": \"D\", \"sift\": \"deleterious(0)\", \"exon\": \"2/35\", \"biotype\": \"protein_coding\", \"is_nc\": false, \"gmaf\": \"\", \"fathmm_pred\\\">\\n\": \"T%3BT\", \"strand\": \"-1\", \"feature_type\": \"Transcript\", \"allele_num\": \"1\", \"distance\": \"\", \"hgvsp\": \"ENSP00000262738.3:p.Val1319Met\", \"amino_acids\": \"V/M\", \"allele\": \"T\", \"symbol_source\": \"HGNC\", \"amr_maf\": \"\", \"lof_info\": \"POSITION:0.437258153676064\", \"motif_score_change\": \"\", \"somatic\": \"\", \"hgvsc\": \"ENST00000262738.3:c.3955G>A\", \"asn_maf\": \"\", \"is_nmd\": false, \"domains\": \"PROSITE_profiles:PS50026&SMART_domains:SM00181\", \"gene\": \"ENSG00000075275\", \"polyphen2_hvar_pred\": \"D\", \"swissprot\": \"CELR1_HUMAN\"}, {\"ea_maf\": \"\", \"clin_sig\": \"\", \"hgnc_id\": \"1850\", \"existing_variation\": \"\", \"pubmed\": \"\", \"cadd_phred\": \"33\", \"aa_maf\": \"\", \"ccds\": \"\", \"high_inf_pos\": \"\", \"cdna_position\": \"3955\", \"canonical\": \"\", \"tsl\": \"\", \"lof\": \"\", \"metasvm_pred\": \"D\", \"intron\": \"\", \"trembl\": \"C9JDM9_HUMAN\", \"feature\": \"ENST00000395964\", \"codons\": \"Gtg/Atg\", \"motif_name\": \"\", \"polyphen\": \"probably_damaging(0.926)\", \"lof_filter\": \"\", \"motif_pos\": \"\", \"protein_position\": \"1319\", \"lof_flags\": \"\", \"afr_maf\": \"\", \"sift_pred\": \"D%3BD\", \"consequence\": \"missense_variant\", \"cds_position\": \"3955\", \"ensp\": \"ENSP00000379293\", \"symbol\": \"CELSR1\", \"uniparc\": \"UPI00015DF80E\", \"eur_maf\": \"\", \"mutationtaster_pred\": \"D\", \"sift\": \"deleterious(0.02)\", \"exon\": \"2/3\", \"biotype\": \"protein_coding\", \"is_nc\": false, \"gmaf\": \"\", \"fathmm_pred\\\">\\n\": \"T%3BT\", \"strand\": \"-1\", \"feature_type\": \"Transcript\", \"allele_num\": \"1\", \"distance\": \"\", \"hgvsp\": \"ENSP00000379293.1:p.Val1319Met\", \"amino_acids\": \"V/M\", \"allele\": \"T\", \"symbol_source\": \"HGNC\", \"amr_maf\": \"\", \"lof_info\": \"POSITION:0.943013829279924\", \"motif_score_change\": \"\", \"somatic\": \"\", \"hgvsc\": \"ENST00000395964.1:c.3955G>A\", \"asn_maf\": \"\", \"is_nmd\": false, \"domains\": \"PROSITE_profiles:PS50026&SMART_domains:SM00181\", \"gene\": \"ENSG00000075275\", \"polyphen2_hvar_pred\": \"D\", \"swissprot\": \"\"}, {\"ea_maf\": \"\", \"clin_sig\": \"\", \"hgnc_id\": \"1850\", \"existing_variation\": \"\", \"pubmed\": \"\", \"cadd_phred\": \"\", \"aa_maf\": \"\", \"ccds\": \"\", \"high_inf_pos\": \"\", \"cdna_position\": \"2079\", \"canonical\": \"\", \"tsl\": \"\", \"lof\": \"\", \"metasvm_pred\": \"\", \"intron\": \"\", \"trembl\": \"\", \"feature\": \"ENST00000454637\", \"codons\": \"Gtg/Atg\", \"motif_name\": \"\", \"polyphen\": \"probably_damaging(0.958)\", \"lof_filter\": \"\", \"motif_pos\": \"\", \"protein_position\": \"694\", \"lof_flags\": \"\", \"afr_maf\": \"\", \"sift_pred\": \"\", \"consequence\": \"missense_variant\", \"cds_position\": \"2080\", \"ensp\": \"ENSP00000414689\", \"symbol\": \"CELSR1\", \"uniparc\": \"UPI00016110F0\", \"eur_maf\": \"\", \"mutationtaster_pred\": \"\", \"sift\": \"deleterious(0.01)\", \"exon\": \"2/3\", \"biotype\": \"protein_coding\", \"is_nc\": false, \"gmaf\": \"\", \"fathmm_pred\\\">\\n\": \"\", \"strand\": \"-1\", \"feature_type\": \"Transcript\", \"allele_num\": \"1\", \"distance\": \"\", \"hgvsp\": \"ENSP00000414689.1:p.Val694Met\", \"amino_acids\": \"V/M\", \"allele\": \"T\", \"symbol_source\": \"HGNC\", \"amr_maf\": \"\", \"lof_info\": \"POSITION:0.89732528041415\", \"motif_score_change\": \"\", \"somatic\": \"\", \"hgvsc\": \"ENST00000454637.1:c.2079G>A\", \"asn_maf\": \"\", \"is_nmd\": false, \"domains\": \"PROSITE_profiles:PS50026&SMART_domains:SM00181\", \"gene\": \"ENSG00000075275\", \"polyphen2_hvar_pred\": \"\", \"swissprot\": \"\"}], \"fathmm\": \"tolerated\", \"vep_consequence\": \"missense_variant\", \"annotation_tags\": [\"missense_variant\"], \"muttaster\": \"disease_causing\", \"worst_vep_index_per_gene\": {\"ENSG00000075275\": 0}, \"freqs\": {\"gnomad-genomes2\": 0.0, \"1kg_wgs_phase3\": 0.0, \"exac_v3\": 0.0, \"exac_v3_popmax\": 0.0, \"1kg_wgs_phase3_popmax\": 0.0, \"gnomad-exomes2\": 8.142526788913136e-06}, \"sift\": \"damaging\", \"metasvm\": \"D\", \"vep_group\": \"missense\", \"polyphen\": \"probably_damaging\"}, \"gene_ids\": [\"ENSG00000075275\"], \"coding_gene_ids\": [\"ENSG00000075275\"], \"pos_end\": 46859832.0, \"xposx\": 22046859832, \"chr\": \"22\", \"extras\": {\"gene_info\": {}, \"orig_alt_alleles\": [\"T\"], \"genes\": {\"ENSG00000075275\": {\"disease_gene_lists\": [], \"missense_constraint\": 4.415910134394981, \"high_variability\": false, \"symbol\": \"CELSR1\", \"lof_constraint_rank\": [448, 18225], \"gene_id\": \"ENSG00000075275\", \"missense_constraint_rank\": [427, 18225], \"lof_constraint\": 0.9999907474320858, \"coding_size\": 9050}}, \"alt_allele_pos\": 0, \"disease_genes\": [], \"family_id\": \"1\", \"in_disease_gene_db\": false, \"clinvar_clinsig\": \"\", \"project_id\": \"1kg\", \"gene_names\": {\"ENSG00000075275\": \"CELSR1\"}, \"clinvar_variant_id\": null}, \"ref\": \"C\", \"genotypes\": {\"NA19675\": {\"ab\": 0.25, \"gq\": 86.0, \"alleles\": [\"C\", \"T\"], \"num_alt\": 1, \"filter\": \"pass\", \"extras\": {\"dp\": \"19\", \"pl\": \"86,0,393\", \"ad\": \"15,5\"}}, \"NA19679\": {\"ab\": 0.0, \"gq\": 69.0, \"alleles\": [\"C\", \"C\"], \"num_alt\": 0, \"filter\": \"pass\", \"extras\": {\"dp\": \"23\", \"pl\": \"0,69,769\", \"ad\": \"23,0\"}}, \"NA19678\": {\"ab\": 0.0, \"gq\": 66.0, \"alleles\": [\"C\", \"C\"], \"num_alt\": 0, \"filter\": \"pass\", \"extras\": {\"dp\": \"22\", \"pl\": \"0,66,736\", \"ad\": \"22,0\"}}}}",
        "project": 1,
        "family": 1
    }
},
{
    "model": "seqr.variantnote",
    "pk": 714935,
    "fields": {
        "guid": "VN0714935_2103343353_r0390_100",
        "created_date": "2018-05-15T14:51:58.410Z",
        "created_by": null,
        "last_modified_date": "2018-02-23T17:32:23.054Z",
        "saved_variant": 2,
        "note": "test",
        "submit_to_clinvar": false,
        "search_parameters": null
    }
},
{
    "model": "seqr.varianttag",
    "pk": 1708633,
    "fields": {
        "guid": "VT1708633_2103343353_r0390_100",
        "created_date": "2018-05-15T14:54:47.121Z",
        "created_by": null,
        "last_modified_date": "2018-02-23T17:32:30.373Z",
        "saved_variant": 1,
        "variant_tag_type": 2,
        "search_parameters": "https://seqr.broadinstitute.org/project/1kg/family/1/mendelian-variant-search#search/125897d6/results"
    }
},
{
    "model": "seqr.varianttag",
    "pk": 1726945,
    "fields": {
        "guid": "VT1726945_2103343353_r0390_100",
        "created_date": "2018-05-25T21:01:33.193Z",
        "created_by": null,
        "last_modified_date": "2018-05-25T21:01:33.193Z",
        "saved_variant": 2,
        "variant_tag_type": 2,
        "search_parameters": null
    }
},
{
    "model": "seqr.varianttag",
    "pk": 1726961,
    "fields": {
        "guid": "VT1726961_2103343353_r0390_100",
        "created_date": "2018-05-29T16:32:51.449Z",
        "created_by": null,
        "last_modified_date": "2018-05-29T16:32:51.449Z",
        "saved_variant": 1,
        "variant_tag_type": 1,
        "search_parameters": null
    }
},
{
    "model": "seqr.variantfunctionaldata",
    "pk": 23,
    "fields": {
        "guid": "VFD0000023_1248367227_r0390_10",
        "created_date": "2018-05-24T15:30:04.465Z",
        "created_by": null,
        "last_modified_date": "2018-05-24T15:30:04.483Z",
        "saved_variant": 1,
        "functional_data_tag": "Biochemical Function",
        "metadata": "A note",
        "search_parameters": ""
    }
},
{
    "model": "seqr.variantfunctionaldata",
    "pk": 24,
    "fields": {
        "guid": "VFD0000024_1248367227_r0390_10",
        "created_date": "2018-05-24T15:34:01.353Z",
        "created_by": null,
        "last_modified_date": "2018-05-24T15:34:01.365Z",
        "saved_variant": 1,
        "functional_data_tag": "Genome-wide Linkage",
        "metadata": "2",
        "search_parameters": ""
    }
},
{
    "model": "seqr.locuslist",
    "pk": 1,
    "fields": {
        "guid": "LL00049_pid_genes_autosomal_do",
        "created_date": "2017-02-07T12:55:30.700Z",
        "created_by": null,
        "last_modified_date": "2018-05-01T00:02:38.733Z",
        "name": "PID genes - Autosomal dominant",
        "description": "Autosomal dominant inheritance PID genes",
        "is_public": true
    }
},
{
    "model": "seqr.locuslist",
    "pk": 2,
    "fields": {
        "guid": "LL00005_retina_proteome",
        "created_date": "2017-02-07 07:55:06.032034-05",
        "created_by": 10,
        "last_modified_date": "2018-05-01T00:02:38.733Z",
        "name": "Retina proteome",
        "description": "",
        "is_public": false
    }
},
{
  "model": "seqr.locuslistgene",
  "pk": 11,
  "fields": {
    "guid": "LLG0000011_nmd_nclensg00000171",
    "created_date": "2018-04-28T00:03:25.341Z",
    "created_by": null,
    "last_modified_date": "2018-04-28T00:03:25.341Z",
    "locus_list": 1,
    "gene_id": "ENSG00000223972",
    "description": ""
  }
},
{
  "model": "seqr.locuslistgene",
  "pk": 12,
  "fields": {
    "guid": "LLG0000012_nmd_nclensg00000169",
    "created_date": "2018-04-28T00:03:25.347Z",
    "created_by": null,
    "last_modified_date": "2018-04-28T00:03:25.347Z",
    "locus_list": 1,
    "gene_id": "ENSG00000227232",
    "description": ""
  }
},
{
  "model": "seqr.locuslistgene",
  "pk": 13,
  "fields": {
    "guid": "LLG0000013_nmd_nclensg00000196",
    "created_date": "2018-04-28T00:03:25.353Z",
    "created_by": null,
    "last_modified_date": "2018-04-28T00:03:25.353Z",
    "locus_list": 1,
    "gene_id": "ENSG00000243485",
    "description": ""
  }
},
{
  "model": "seqr.locuslistinterval",
  "pk": 12,
  "fields": {
    "guid": "LLI0000012_test_list_edit4545_",
    "created_date": "2018-07-17T21:13:10.688Z",
    "created_by": null,
    "last_modified_date": "2018-07-18T14:57:35.302Z",
    "locus_list": 1,
    "genome_version": "37",
    "chrom": "1",
    "start": 248367200,
    "end": 248367300,
    "description": null
  }
},
{
  "model": "seqr.locuslistinterval",
  "pk": 13,
  "fields": {
    "guid": "LLI0000013_a_new_list325_3000",
    "created_date": "2018-07-17T21:16:12.224Z",
    "created_by": null,
    "last_modified_date": "2018-07-17T21:16:12.224Z",
    "locus_list": 1,
    "genome_version": "38",
    "chrom": "3",
    "start": 25,
    "end": 3000,
    "description": null
  }
},
{
    "model": "seqr.analysisgroup",
    "pk": 1,
    "fields": {
        "guid": "AG0000183_test_group",
        "created_date": "2018-08-09T18:53:24.207Z",
        "created_by": null,
        "last_modified_date": "2018-08-09T18:53:24.207Z",
        "name": "Test Group 1",
        "description": "A sample analysis group",
        "project": 1,
        "families": [1, 3, 5]
    }
},
    {
    "model": "seqr.matchmakerresult",
    "pk": 3552,
    "fields": {
        "guid": "MR0003552_SHE_1006P_1",
        "created_date": "2019-02-12T18:43:56.358Z",
        "created_by": null,
        "last_modified_date": "2019-04-29T17:48:46.367Z",
        "individual": 1,
        "result_data": {
            "score": {
                "patient": 0.5706712016939723
            },
            "patient": {
                "genomicFeatures": [
                    {
                        "gene": {
                            "id": "OR4F5"
                        }
                    },
                    {
                        "gene": {
                            "id": "CICP27"
                        }
                    },
                    {
                        "gene": {
                            "id": "DDX11L1"
                        }
                    }
                ],
                "contact": {
                    "href": "mailto:UDNCC@hms.harvard.edu,matchmaker@phenomecentral.org",
                    "name": "Baylor UDN Clinical Site"
                },
                "id": "P0004515",
                "features": [
                    {
                        "observed": "yes",
                        "id": "HP:0012469"
                    },
                    {
                        "observed": "no",
                        "id": "HP:0003273"
                    }
                ]
            }
        },
        "last_modified_by": 10,
        "we_contacted": false,
        "host_contacted": true,
        "deemed_irrelevant": true,
        "flag_for_analysis": false,
        "comments": "AMBRA1 c.2228G>C p.(Ser743Thr) missense variant. Maternally inherited, both have epilepsy"
    }
},
{
    "model": "seqr.matchmakerresult",
    "pk": 7228,
    "fields": {
        "guid": "MR0007228_VCGS_FAM50_156",
        "created_date": "2019-04-25T07:19:41.518Z",
        "created_by": null,
        "last_modified_date": "2019-04-29T17:50:03.101Z",
        "individual": 1,
        "result_data": {
            "score": {
                "patient": 1.0
            },
            "patient": {
                "genomicFeatures": [
                    {
                        "gene": {
                            "id": "ENSG00000233750"
                        }
                    }
                ],
                "contact": {
                    "href": "mailto:cfen@filadelfia.dk",
                    "name": "Christina D\u00fchring Fenger",
                    "institution": "The Danish Epilepsy Centre, Filadelfia, Institute for Regional Health Services"
                },
                "id": "34301",
                "label": "AMBRA1"
            }
        },
        "last_modified_by": 10,
        "we_contacted": false,
        "host_contacted": false,
        "deemed_irrelevant": false,
        "flag_for_analysis": false,
        "comments": ""
    }
},
{
    "model": "seqr.matchmakerresult",
    "pk": 7229,
    "fields": {
        "guid": "MR0004688_RGP_105_3",
        "created_date": "2019-04-25T07:19:41.518Z",
        "created_by": null,
        "last_modified_date": "2019-04-29T17:50:03.101Z",
        "individual": 1,
        "result_data": {
            "score": {
                "patient": 1.0
            },
            "patient": {
                "contact": {
                    "href": "mailto:j.weiss@vumc.nl",
                    "institution": "VU University Medical Center",
                    "name": "Janneke Weiss"
                },
                "genomicFeatures": [
                    {
                        "gene": {
                            "id": "ENSG00000272333"
                        }
                    }
                ],
                "id": "10509",
                "label": "2016-174",
                "sex": "MALE",
                "species": "NCBITaxon:9606"
            }
        },
        "last_modified_by": 10,
        "we_contacted": true,
        "host_contacted": false,
        "deemed_irrelevant": false,
        "flag_for_analysis": false,
        "comments": ""
    }
},
{
    "model": "seqr.matchmakercontactnotes",
    "pk": 1,
    "fields": {
        "guid": "MCN0000001_st_georges,_univers",
        "created_date": "2019-04-25T07:19:41.518Z",
        "created_by": null,
        "last_modified_date": "2019-04-29T17:50:03.101Z",
        "institution": "st georges, university of london",
        "comments": "Some additional data about this institution"
    }
}
]
