[
{
    "model": "seqr.project",
    "pk": 1,
    "fields": {
        "guid": "R0001_",
        "created_date": "2017-03-12T19:27:08.156Z",
        "created_by": null,
        "last_modified_date": "2017-03-13T07:53:27.964Z",
        "name": "1kg project n\u00e5me with uni\u00e7\u00f8de",
        "description": "1000 genomes project description with uni\u00e7\u00f8de",
        "owners_group": 1,
        "can_edit_group": 2,
        "can_view_group": 3,
        "is_phenotips_enabled": true,
        "phenotips_user_id": "1kg",
        "is_mme_enabled": true,
        "mme_primary_data_owner": "PI",
        "deprecated_last_accessed_date": "2017-03-13T07:50:52.784Z",
        "deprecated_project_id": "1kg",
        "custom_reference_populations": []
    }
},
{
    "model": "seqr.projectcategory",
    "pk": 2,
    "fields": {
        "guid": "PC000002_categry_with_unicde",
        "created_date": "2017-03-12T23:52:36.401Z",
        "created_by": 1,
        "last_modified_date": "2017-03-12T23:52:36.401Z",
        "name": "c\u00e5teg\u00f8ry with uni\u00e7\u00f8de",
        "projects": [
            1
        ]
    }
},
{
    "model": "seqr.projectcategory",
    "pk": 3,
    "fields": {
        "guid": "PC000003_test_category_name",
        "created_date": "2017-03-12T23:52:55.846Z",
        "created_by": 1,
        "last_modified_date": "2017-03-12T23:52:55.846Z",
        "name": "test category name",
        "projects": [
            1
        ]
    }
},
{
    "model": "seqr.family",
    "pk": 1,
    "fields": {
        "guid": "F000001_1",
        "created_date": "2017-03-12T19:27:08.199Z",
        "created_by": null,
        "last_modified_date": "2017-03-13T07:53:27.973Z",
        "project": 1,
        "family_id": "1",
        "display_name": "1",
        "description": "test descripti\u00f8n",
        "pedigree_image": "",
        "analysis_notes": "<b>\r\n                        F\u00e5mily analysis n\u00f8tes\r\n                    </b>",
        "analysis_summary": "<b>\r\n                        F\u00e5mily analysis summ\u00e5ry.\r\n                    </b>",
        "causal_inheritance_mode": "unknown",
        "analysis_status": "Q",
        "internal_analysis_status": null,
        "internal_case_review_notes": "<div>initial notes with uni&ccedil;&oslash;de</div>\n<div>test</div>",
        "internal_case_review_brief_summary": "<div>internal case review summary with uni&ccedil;&oslash;de</div>"
    }
},
{
    "model": "seqr.family",
    "pk": 2,
    "fields": {
        "guid": "F000002_2",
        "created_date": "2017-03-12T19:27:08.319Z",
        "created_by": null,
        "last_modified_date": "2017-03-12T22:36:26.681Z",
        "project": 1,
        "family_id": "2",
        "display_name": "2",
        "description": "",
        "pedigree_image": "",
        "analysis_notes": "",
        "analysis_summary": "",
        "causal_inheritance_mode": "unknown",
        "analysis_status": "Q",
        "internal_analysis_status": null,
        "internal_case_review_notes": "<div>internal notes 2</div>\n<div>&nbsp;</div>",
        "internal_case_review_brief_summary": "<div>internal case review summary 2</div>\n<div>&nbsp;</div>"
    }
},
{
    "model": "seqr.family",
    "pk": 3,
    "fields": {
        "guid": "F000003_3",
        "created_date": "2017-03-12T19:27:08.421Z",
        "created_by": null,
        "last_modified_date": "2017-03-12T19:27:08.435Z",
        "project": 1,
        "family_id": "3",
        "display_name": "3",
        "description": "",
        "pedigree_image": "",
        "analysis_notes": "",
        "analysis_summary": "",
        "causal_inheritance_mode": "unknown",
        "analysis_status": "Q",
        "internal_analysis_status": null,
        "internal_case_review_notes": "",
        "internal_case_review_brief_summary": "internal_case_review_brief_summary"
    }
},
{
    "model": "seqr.family",
    "pk": 4,
    "fields": {
        "guid": "F000004_4",
        "created_date": "2017-03-12T19:27:08.468Z",
        "created_by": null,
        "last_modified_date": "2017-03-12T19:27:08.483Z",
        "project": 1,
        "family_id": "4",
        "display_name": "4",
        "description": "",
        "pedigree_image": "",
        "analysis_notes": "",
        "analysis_summary": "",
        "causal_inheritance_mode": "unknown",
        "analysis_status": "Q",
        "internal_analysis_status": null,
        "internal_case_review_notes": "",
        "internal_case_review_brief_summary": "internal_case_review_brief_summary"
    }
},
{
    "model": "seqr.family",
    "pk": 5,
    "fields": {
        "guid": "F000005_5",
        "created_date": "2017-03-12T19:27:08.516Z",
        "created_by": null,
        "last_modified_date": "2017-03-12T19:27:08.530Z",
        "project": 1,
        "family_id": "5",
        "display_name": "5",
        "description": "",
        "pedigree_image": "",
        "analysis_notes": "",
        "analysis_summary": "",
        "causal_inheritance_mode": "unknown",
        "analysis_status": "Q",
        "internal_analysis_status": null,
        "internal_case_review_notes": "",
        "internal_case_review_brief_summary": "internal_case_review_brief_summary"
    }
},
{
    "model": "seqr.family",
    "pk": 6,
    "fields": {
        "guid": "F000006_6",
        "created_date": "2017-03-12T19:27:08.563Z",
        "created_by": null,
        "last_modified_date": "2017-03-12T19:27:08.577Z",
        "project": 1,
        "family_id": "6",
        "display_name": "6",
        "description": "",
        "pedigree_image": "",
        "analysis_notes": "",
        "analysis_summary": "",
        "causal_inheritance_mode": "unknown",
        "analysis_status": "Q",
        "internal_analysis_status": null,
        "internal_case_review_notes": "",
        "internal_case_review_brief_summary": "internal_case_review_brief_summary"
    }
},
{
    "model": "seqr.family",
    "pk": 7,
    "fields": {
        "guid": "F000007_7",
        "created_date": "2017-03-12T19:27:08.610Z",
        "created_by": null,
        "last_modified_date": "2017-03-12T19:27:08.622Z",
        "project": 1,
        "family_id": "7",
        "display_name": "7",
        "description": "",
        "pedigree_image": "",
        "analysis_notes": "",
        "analysis_summary": "",
        "causal_inheritance_mode": "unknown",
        "analysis_status": "Q",
        "internal_analysis_status": null,
        "internal_case_review_notes": "",
        "internal_case_review_brief_summary": "internal_case_review_brief_summary"
    }
},
{
    "model": "seqr.family",
    "pk": 8,
    "fields": {
        "guid": "F000008_8",
        "created_date": "2017-03-12T19:27:08.652Z",
        "created_by": null,
        "last_modified_date": "2017-03-12T19:27:08.666Z",
        "project": 1,
        "family_id": "8",
        "display_name": "8",
        "description": "",
        "pedigree_image": "",
        "analysis_notes": "",
        "analysis_summary": "",
        "causal_inheritance_mode": "unknown",
        "analysis_status": "Q",
        "internal_analysis_status": null,
        "internal_case_review_notes": "",
        "internal_case_review_brief_summary": "internal_case_review_brief_summary"
    }
},
{
    "model": "seqr.family",
    "pk": 9,
    "fields": {
        "guid": "F000009_9",
        "created_date": "2017-03-12T19:27:08.697Z",
        "created_by": null,
        "last_modified_date": "2017-03-12T19:27:08.714Z",
        "project": 1,
        "family_id": "9",
        "display_name": "9",
        "description": "",
        "pedigree_image": "",
        "analysis_notes": "",
        "analysis_summary": "",
        "causal_inheritance_mode": "unknown",
        "analysis_status": "Q",
        "internal_analysis_status": null,
        "internal_case_review_notes": "",
        "internal_case_review_brief_summary": "internal_case_review_brief_summary"
    }
},
{
    "model": "seqr.family",
    "pk": 10,
    "fields": {
        "guid": "F000010_10",
        "created_date": "2017-03-12T19:27:08.760Z",
        "created_by": null,
        "last_modified_date": "2017-03-12T19:27:08.773Z",
        "project": 1,
        "family_id": "10",
        "display_name": "10",
        "description": "",
        "pedigree_image": "",
        "analysis_notes": "",
        "analysis_summary": "",
        "causal_inheritance_mode": "unknown",
        "analysis_status": "Q",
        "internal_analysis_status": null,
        "internal_case_review_notes": "",
        "internal_case_review_brief_summary": "internal_case_review_brief_summary"
    }
},
{
    "model": "seqr.family",
    "pk": 11,
    "fields": {
        "guid": "F000011_11",
        "created_date": "2017-03-12T19:27:08.806Z",
        "created_by": null,
        "last_modified_date": "2017-03-12T22:36:49.654Z",
        "project": 1,
        "family_id": "11",
        "display_name": "11",
        "description": "",
        "pedigree_image": "",
        "analysis_notes": "",
        "analysis_summary": "",
        "causal_inheritance_mode": "unknown",
        "analysis_status": "Q",
        "internal_analysis_status": null,
        "internal_case_review_notes": "",
        "internal_case_review_brief_summary": ""
    }
},
{
    "model": "seqr.family",
    "pk": 12,
    "fields": {
        "guid": "F000012_12",
        "created_date": "2017-03-12T19:27:08.848Z",
        "created_by": null,
        "last_modified_date": "2017-03-12T22:37:17.555Z",
        "project": 1,
        "family_id": "12",
        "display_name": "12",
        "description": "",
        "pedigree_image": "",
        "analysis_notes": "",
        "analysis_summary": "",
        "causal_inheritance_mode": "unknown",
        "analysis_status": "Q",
        "internal_analysis_status": null,
        "internal_case_review_notes": "<div><span style=\"text-decoration: underline;\"><span style=\"font-family: 'book antiqua', palatino, serif;\">case review notes for family 12</span></span></div>\n<ul>\n<li><span style=\"font-family: 'book antiqua', palatino, serif;\">note1</span></li>\n<li><span style=\"font-family: 'book antiqua', palatino, serif;\">note 2</span></li>\n<li><span style=\"font-family: 'book antiqua', palatino, serif;\">note 3</span></li>\n</ul>",
        "internal_case_review_brief_summary": "<div><span style=\"font-family: 'courier new', courier, monospace;\"><strong>summary for family 12</strong></span></div>"
    }
},
{
    "model": "seqr.individual",
    "pk": 1,
    "fields": {
        "guid": "I000001_na19675",
        "created_date": "2017-02-05T06:42:55.397Z",
        "created_by": null,
        "last_modified_date": "2017-03-13T07:53:28.026Z",
        "family": 1,
        "individual_id": "NA19675",
        "maternal_id": "NA19679",
        "paternal_id": "NA19678",
        "sex": "M",
        "affected": "A",
        "display_name": "",
        "case_review_status": "I",
        "case_review_status_last_modified_date": "2017-03-12T22:34:43.204Z",
        "case_review_status_last_modified_by": 1,
        "case_review_requested_info": null,
        "phenotips_patient_id": "P0000001",
        "phenotips_eid": "20161012_131013_744125_NA19675",
        "phenotips_data": "{\"life_status\": \"alive\", \"links\": {\"href\": \"http://localhost:8080/rest/patients/P0000001\", \"rel\": \"self\"}, \"solved\": {\"status\": \"unsolved\"}, \"reporter\": \"1kg\", \"last_modified_by\": \"1kg\", \"sex\": \"M\", \"last_modification_date\": \"2017-03-13T02:38:27.000Z\", \"prenatal_perinatal_phenotype\": {\"prenatal_phenotype\": [], \"negative_prenatal_phenotype\": []}, \"contact\": {\"user_id\": \"1kg\", \"name\": \"1kg\", \"email\": \"harindra@broadinstitute.org\"}, \"meta\": {\"hgnc_version\": \"2015-08-09T17:45:23.025Z\", \"hgncRemote_version\": \"2017-03-12T05:50:28.721Z\", \"hpo_version\": \"releases/2015-09-15\", \"phenotips_version\": \"1.2.6\", \"omim_version\": \"2015-10-07T18:26:19.654Z\"}, \"prenatal_perinatal_history\": {}, \"specificity\": {\"date\": \"2017-03-13T07:53:28.017Z\", \"score\": 0.0, \"server\": \"monarchinitiative.org\"}, \"date\": \"2017-03-13T02:38:25.000Z\", \"clinicalStatus\": {\"clinicalStatus\": \"affected\"}, \"external_id\": \"20161012_131013_744125_NA19675\", \"id\": \"P0000001\", \"ethnicity\": {\"maternal_ethnicity\": [], \"paternal_ethnicity\": []}, \"report_id\": \"P0000001\"}",
        "mme_id": null,
        "mme_submitted_data": null,
        "sequencing_samples": [
            65
        ]
    }
},
{
    "model": "seqr.individual",
    "pk": 2,
    "fields": {
        "guid": "I000002_na19678",
        "created_date": "2017-02-05T06:42:55.397Z",
        "created_by": null,
        "last_modified_date": "2017-03-13T07:53:28.072Z",
        "family": 1,
        "individual_id": "NA19678",
        "maternal_id": "",
        "paternal_id": "",
        "sex": "M",
        "affected": "N",
        "display_name": "",
        "case_review_status": "U",
        "case_review_status_last_modified_date": "2017-03-12T22:34:46.200Z",
        "case_review_status_last_modified_by": 1,
        "case_review_requested_info": null,
        "phenotips_patient_id": "P0000002",
        "phenotips_eid": "20161012_131013_752998_NA19678",
        "phenotips_data": "{\"life_status\": \"alive\", \"links\": {\"href\": \"http://localhost:8080/rest/patients/P0000002\", \"rel\": \"self\"}, \"solved\": {\"status\": \"unsolved\"}, \"reporter\": \"1kg\", \"last_modified_by\": \"1kg\", \"sex\": \"M\", \"last_modification_date\": \"2017-03-13T02:38:28.000Z\", \"prenatal_perinatal_phenotype\": {\"prenatal_phenotype\": [], \"negative_prenatal_phenotype\": []}, \"contact\": {\"user_id\": \"1kg\", \"name\": \"1kg\", \"email\": \"harindra@broadinstitute.org\"}, \"meta\": {\"hgnc_version\": \"2015-08-09T17:45:23.025Z\", \"hgncRemote_version\": \"2017-03-12T05:50:28.721Z\", \"hpo_version\": \"releases/2015-09-15\", \"phenotips_version\": \"1.2.6\", \"omim_version\": \"2015-10-07T18:26:19.654Z\"}, \"prenatal_perinatal_history\": {}, \"specificity\": {\"date\": \"2017-03-13T07:53:28.017Z\", \"score\": 0.0, \"server\": \"monarchinitiative.org\"}, \"date\": \"2017-03-13T02:38:27.000Z\", \"clinicalStatus\": {\"clinicalStatus\": \"affected\"}, \"external_id\": \"20161012_131013_752998_NA19678\", \"id\": \"P0000002\", \"ethnicity\": {\"maternal_ethnicity\": [], \"paternal_ethnicity\": []}, \"report_id\": \"P0000002\"}",
        "mme_id": null,
        "mme_submitted_data": null,
        "sequencing_samples": [
            66
        ]
    }
},
{
    "model": "seqr.individual",
    "pk": 3,
    "fields": {
        "guid": "I000003_na19679",
        "created_date": "2017-02-05T06:42:55.397Z",
        "created_by": null,
        "last_modified_date": "2017-03-13T07:53:28.105Z",
        "family": 1,
        "individual_id": "NA19679",
        "maternal_id": "",
        "paternal_id": "",
        "sex": "F",
        "affected": "N",
        "display_name": "",
        "case_review_status": "A",
        "case_review_status_last_modified_date": "2017-03-12T22:34:49.964Z",
        "case_review_status_last_modified_by": 1,
        "case_review_requested_info": null,
        "phenotips_patient_id": "P0000003",
        "phenotips_eid": "20161012_131013_759726_NA19679",
        "phenotips_data": "{\"life_status\": \"alive\", \"links\": {\"href\": \"http://localhost:8080/rest/patients/P0000003\", \"rel\": \"self\"}, \"solved\": {\"status\": \"unsolved\"}, \"reporter\": \"1kg\", \"last_modified_by\": \"1kg\", \"sex\": \"F\", \"last_modification_date\": \"2017-03-13T02:38:29.000Z\", \"prenatal_perinatal_phenotype\": {\"prenatal_phenotype\": [], \"negative_prenatal_phenotype\": []}, \"contact\": {\"user_id\": \"1kg\", \"name\": \"1kg\", \"email\": \"harindra@broadinstitute.org\"}, \"meta\": {\"hgnc_version\": \"2015-08-09T17:45:23.025Z\", \"hgncRemote_version\": \"2017-03-12T05:50:28.721Z\", \"hpo_version\": \"releases/2015-09-15\", \"phenotips_version\": \"1.2.6\", \"omim_version\": \"2015-10-07T18:26:19.654Z\"}, \"prenatal_perinatal_history\": {}, \"specificity\": {\"date\": \"2017-03-13T07:53:28.017Z\", \"score\": 0.0, \"server\": \"monarchinitiative.org\"}, \"date\": \"2017-03-13T02:38:28.000Z\", \"clinicalStatus\": {\"clinicalStatus\": \"affected\"}, \"external_id\": \"20161012_131013_759726_NA19679\", \"id\": \"P0000003\", \"ethnicity\": {\"maternal_ethnicity\": [], \"paternal_ethnicity\": []}, \"report_id\": \"P0000003\"}",
        "mme_id": null,
        "mme_submitted_data": null,
        "sequencing_samples": [
            67
        ]
    }
},
{
    "model": "seqr.individual",
    "pk": 4,
    "fields": {
        "guid": "I000004_hg00731",
        "created_date": "2017-02-05T06:42:55.397Z",
        "created_by": null,
        "last_modified_date": "2017-03-13T07:53:28.406Z",
        "family": 2,
        "individual_id": "HG00731",
        "maternal_id": "HG00733",
        "paternal_id": "HG00732",
        "sex": "F",
        "affected": "A",
        "display_name": "",
        "case_review_status": "3",
        "case_review_status_last_modified_date": "2017-03-12T22:34:59.093Z",
        "case_review_status_last_modified_by": 1,
        "case_review_requested_info": null,
        "phenotips_patient_id": "P0000004",
        "phenotips_eid": "20161012_131013_767240_HG00731",
        "phenotips_data": "{\"features\": [{\"observed\": \"yes\", \"category\": \"HP:0001507\", \"type\": \"phenotype\", \"id\": \"HP:0004325\", \"label\": \"Decreased body weight\"}, {\"observed\": \"no\", \"category\": \"HP:0040064\", \"type\": \"phenotype\", \"id\": \"HP:0006101\", \"label\": \"Finger syndactyly\"}, {\"observed\": \"yes\", \"category\": \"HP:0003011\", \"type\": \"phenotype\", \"id\": \"HP:0001290\", \"label\": \"Generalized hypotonia\"}, {\"observed\": \"yes\", \"category\": \"HP:0000707\", \"type\": \"phenotype\", \"id\": \"HP:0002011\", \"label\": \"Morphological abnormality of the central nervous system\"}, {\"observed\": \"yes\", \"category\": \"HP:0040064\", \"type\": \"phenotype\", \"id\": \"HP:0100258\", \"label\": \"Preaxial polydactyly\"}, {\"observed\": \"yes\", \"category\": \"HP:0000924\", \"type\": \"phenotype\", \"id\": \"HP:0002650\", \"label\": \"Scoliosis\"}, {\"observed\": \"no\", \"category\": \"HP:0001507\", \"type\": \"phenotype\", \"id\": \"HP:0004322\", \"label\": \"Short stature\"}], \"links\": {\"href\": \"http://localhost:8080/rest/patients/P0000004\", \"rel\": \"self\"}, \"nonstandard_features\": [], \"sex\": \"F\", \"meta\": {\"hgnc_version\": \"2015-08-09T17:45:23.025Z\", \"hgncRemote_version\": \"2017-03-12T05:50:28.721Z\", \"hpo_version\": \"releases/2015-09-15\", \"phenotips_version\": \"1.2.6\", \"omim_version\": \"2015-10-07T18:26:19.654Z\"}, \"specificity\": {\"date\": \"2017-03-13T07:53:28.392Z\", \"score\": 0.7752964260625449, \"server\": \"local-omim\"}, \"last_modification_date\": \"2017-03-13T02:41:37.000Z\", \"id\": \"P0000004\", \"ethnicity\": {\"maternal_ethnicity\": [], \"paternal_ethnicity\": []}, \"family_history\": {}, \"date_of_birth\": \"\", \"life_status\": \"alive\", \"reporter\": \"1kg\", \"date_of_death\": \"\", \"prenatal_perinatal_phenotype\": {\"prenatal_phenotype\": [], \"negative_prenatal_phenotype\": []}, \"prenatal_perinatal_history\": {}, \"date\": \"2017-03-13T02:38:29.000Z\", \"clinicalStatus\": {\"clinicalStatus\": \"affected\"}, \"report_id\": \"P0000004\", \"last_modified_by\": \"1kg\", \"solved\": {\"status\": \"unsolved\"}, \"contact\": {\"user_id\": \"1kg\", \"name\": \"1kg\", \"email\": \"harindra@broadinstitute.org\"}, \"external_id\": \"20161012_131013_767240_HG00731\"}",
        "mme_id": null,
        "mme_submitted_data": null,
        "sequencing_samples": [
            68
        ]
    }
},
{
    "model": "seqr.individual",
    "pk": 5,
    "fields": {
        "guid": "I000005_hg00732",
        "created_date": "2017-02-05T06:42:55.397Z",
        "created_by": null,
        "last_modified_date": "2017-03-13T07:53:28.433Z",
        "family": 2,
        "individual_id": "HG00732",
        "maternal_id": "",
        "paternal_id": "",
        "sex": "M",
        "affected": "N",
        "display_name": "",
        "case_review_status": "R",
        "case_review_status_last_modified_date": null,
        "case_review_status_last_modified_by": null,
        "case_review_requested_info": null,
        "phenotips_patient_id": "P0000005",
        "phenotips_eid": "20161012_131013_776107_HG00732",
        "phenotips_data": "{\"life_status\": \"alive\", \"links\": {\"href\": \"http://localhost:8080/rest/patients/P0000005\", \"rel\": \"self\"}, \"solved\": {\"status\": \"unsolved\"}, \"reporter\": \"1kg\", \"last_modified_by\": \"1kg\", \"sex\": \"M\", \"last_modification_date\": \"2017-03-13T02:38:30.000Z\", \"prenatal_perinatal_phenotype\": {\"prenatal_phenotype\": [], \"negative_prenatal_phenotype\": []}, \"contact\": {\"user_id\": \"1kg\", \"name\": \"1kg\", \"email\": \"harindra@broadinstitute.org\"}, \"meta\": {\"hgnc_version\": \"2015-08-09T17:45:23.025Z\", \"hgncRemote_version\": \"2017-03-12T05:50:28.721Z\", \"hpo_version\": \"releases/2015-09-15\", \"phenotips_version\": \"1.2.6\", \"omim_version\": \"2015-10-07T18:26:19.654Z\"}, \"prenatal_perinatal_history\": {}, \"specificity\": {\"date\": \"2017-03-13T07:53:28.017Z\", \"score\": 0.0, \"server\": \"monarchinitiative.org\"}, \"date\": \"2017-03-13T02:38:30.000Z\", \"clinicalStatus\": {\"clinicalStatus\": \"affected\"}, \"external_id\": \"20161012_131013_776107_HG00732\", \"id\": \"P0000005\", \"ethnicity\": {\"maternal_ethnicity\": [], \"paternal_ethnicity\": []}, \"report_id\": \"P0000005\"}",
        "mme_id": null,
        "mme_submitted_data": null,
        "sequencing_samples": [
            69
        ]
    }
},
{
    "model": "seqr.individual",
    "pk": 6,
    "fields": {
        "guid": "I000006_hg00733",
        "created_date": "2017-02-05T06:42:55.397Z",
        "created_by": null,
        "last_modified_date": "2017-03-13T07:53:28.460Z",
        "family": 2,
        "individual_id": "HG00733",
        "maternal_id": "",
        "paternal_id": "",
        "sex": "F",
        "affected": "N",
        "display_name": "",
        "case_review_status": "H",
        "case_review_status_last_modified_date": "2017-03-12T22:35:06.446Z",
        "case_review_status_last_modified_by": 1,
        "case_review_requested_info": null,
        "phenotips_patient_id": "P0000006",
        "phenotips_eid": "20161012_131013_783081_HG00733",
        "phenotips_data": "{\"life_status\": \"alive\", \"links\": {\"href\": \"http://localhost:8080/rest/patients/P0000006\", \"rel\": \"self\"}, \"solved\": {\"status\": \"unsolved\"}, \"reporter\": \"1kg\", \"last_modified_by\": \"1kg\", \"sex\": \"F\", \"last_modification_date\": \"2017-03-13T02:38:31.000Z\", \"prenatal_perinatal_phenotype\": {\"prenatal_phenotype\": [], \"negative_prenatal_phenotype\": []}, \"contact\": {\"user_id\": \"1kg\", \"name\": \"1kg\", \"email\": \"harindra@broadinstitute.org\"}, \"meta\": {\"hgnc_version\": \"2015-08-09T17:45:23.025Z\", \"hgncRemote_version\": \"2017-03-12T05:50:28.721Z\", \"hpo_version\": \"releases/2015-09-15\", \"phenotips_version\": \"1.2.6\", \"omim_version\": \"2015-10-07T18:26:19.654Z\"}, \"prenatal_perinatal_history\": {}, \"specificity\": {\"date\": \"2017-03-13T07:53:28.017Z\", \"score\": 0.0, \"server\": \"monarchinitiative.org\"}, \"date\": \"2017-03-13T02:38:31.000Z\", \"clinicalStatus\": {\"clinicalStatus\": \"affected\"}, \"external_id\": \"20161012_131013_783081_HG00733\", \"id\": \"P0000006\", \"ethnicity\": {\"maternal_ethnicity\": [], \"paternal_ethnicity\": []}, \"report_id\": \"P0000006\"}",
        "mme_id": null,
        "mme_submitted_data": null,
        "sequencing_samples": [
            70
        ]
    }
},
{
    "model": "seqr.individual",
    "pk": 7,
    "fields": {
        "guid": "I000007_na20870",
        "created_date": "2017-02-05T06:42:55.397Z",
        "created_by": null,
        "last_modified_date": "2017-03-13T07:53:28.488Z",
        "family": 3,
        "individual_id": "NA20870",
        "maternal_id": "",
        "paternal_id": "",
        "sex": "M",
        "affected": "A",
        "display_name": "",
        "case_review_status": "",
        "case_review_status_last_modified_date": null,
        "case_review_status_last_modified_by": null,
        "case_review_requested_info": null,
        "phenotips_patient_id": "P0000007",
        "phenotips_eid": "20161012_131013_791340_NA20870",
        "phenotips_data": "{\"life_status\": \"alive\", \"links\": {\"href\": \"http://localhost:8080/rest/patients/P0000007\", \"rel\": \"self\"}, \"solved\": {\"status\": \"unsolved\"}, \"reporter\": \"1kg\", \"last_modified_by\": \"1kg\", \"sex\": \"M\", \"last_modification_date\": \"2017-03-13T02:38:32.000Z\", \"prenatal_perinatal_phenotype\": {\"prenatal_phenotype\": [], \"negative_prenatal_phenotype\": []}, \"contact\": {\"user_id\": \"1kg\", \"name\": \"1kg\", \"email\": \"harindra@broadinstitute.org\"}, \"meta\": {\"hgnc_version\": \"2015-08-09T17:45:23.025Z\", \"hgncRemote_version\": \"2017-03-12T05:50:28.721Z\", \"hpo_version\": \"releases/2015-09-15\", \"phenotips_version\": \"1.2.6\", \"omim_version\": \"2015-10-07T18:26:19.654Z\"}, \"prenatal_perinatal_history\": {}, \"specificity\": {\"date\": \"2017-03-13T07:53:28.017Z\", \"score\": 0.0, \"server\": \"monarchinitiative.org\"}, \"date\": \"2017-03-13T02:38:31.000Z\", \"clinicalStatus\": {\"clinicalStatus\": \"affected\"}, \"external_id\": \"20161012_131013_791340_NA20870\", \"id\": \"P0000007\", \"ethnicity\": {\"maternal_ethnicity\": [], \"paternal_ethnicity\": []}, \"report_id\": \"P0000007\"}",
        "mme_id": null,
        "mme_submitted_data": null,
        "sequencing_samples": [
            71
        ]
    }
},
{
    "model": "seqr.individual",
    "pk": 8,
    "fields": {
        "guid": "I000008_na20872",
        "created_date": "2017-02-05T06:42:55.397Z",
        "created_by": null,
        "last_modified_date": "2017-03-13T07:53:28.519Z",
        "family": 4,
        "individual_id": "NA20872",
        "maternal_id": "",
        "paternal_id": "",
        "sex": "M",
        "affected": "A",
        "display_name": "",
        "case_review_status": "",
        "case_review_status_last_modified_date": null,
        "case_review_status_last_modified_by": null,
        "case_review_requested_info": null,
        "phenotips_patient_id": "P0000008",
        "phenotips_eid": "20161012_131013_799752_NA20872",
        "phenotips_data": "{\"life_status\": \"alive\", \"links\": {\"href\": \"http://localhost:8080/rest/patients/P0000008\", \"rel\": \"self\"}, \"solved\": {\"status\": \"unsolved\"}, \"reporter\": \"1kg\", \"last_modified_by\": \"1kg\", \"sex\": \"M\", \"last_modification_date\": \"2017-03-13T02:38:33.000Z\", \"prenatal_perinatal_phenotype\": {\"prenatal_phenotype\": [], \"negative_prenatal_phenotype\": []}, \"contact\": {\"user_id\": \"1kg\", \"name\": \"1kg\", \"email\": \"harindra@broadinstitute.org\"}, \"meta\": {\"hgnc_version\": \"2015-08-09T17:45:23.025Z\", \"hgncRemote_version\": \"2017-03-12T05:50:28.721Z\", \"hpo_version\": \"releases/2015-09-15\", \"phenotips_version\": \"1.2.6\", \"omim_version\": \"2015-10-07T18:26:19.654Z\"}, \"prenatal_perinatal_history\": {}, \"specificity\": {\"date\": \"2017-03-13T07:53:28.017Z\", \"score\": 0.0, \"server\": \"monarchinitiative.org\"}, \"date\": \"2017-03-13T02:38:32.000Z\", \"clinicalStatus\": {\"clinicalStatus\": \"affected\"}, \"external_id\": \"20161012_131013_799752_NA20872\", \"id\": \"P0000008\", \"ethnicity\": {\"maternal_ethnicity\": [], \"paternal_ethnicity\": []}, \"report_id\": \"P0000008\"}",
        "mme_id": null,
        "mme_submitted_data": null,
        "sequencing_samples": [
            72
        ]
    }
},
{
    "model": "seqr.individual",
    "pk": 9,
    "fields": {
        "guid": "I000009_na20874",
        "created_date": "2017-02-05T06:42:55.397Z",
        "created_by": null,
        "last_modified_date": "2017-03-13T07:53:28.549Z",
        "family": 5,
        "individual_id": "NA20874",
        "maternal_id": "",
        "paternal_id": "",
        "sex": "M",
        "affected": "A",
        "display_name": "",
        "case_review_status": "",
        "case_review_status_last_modified_date": null,
        "case_review_status_last_modified_by": null,
        "case_review_requested_info": null,
        "phenotips_patient_id": "P0000009",
        "phenotips_eid": "20161012_131013_809075_NA20874",
        "phenotips_data": "{\"life_status\": \"alive\", \"links\": {\"href\": \"http://localhost:8080/rest/patients/P0000009\", \"rel\": \"self\"}, \"solved\": {\"status\": \"unsolved\"}, \"reporter\": \"1kg\", \"last_modified_by\": \"1kg\", \"sex\": \"M\", \"last_modification_date\": \"2017-03-13T02:38:33.000Z\", \"prenatal_perinatal_phenotype\": {\"prenatal_phenotype\": [], \"negative_prenatal_phenotype\": []}, \"contact\": {\"user_id\": \"1kg\", \"name\": \"1kg\", \"email\": \"harindra@broadinstitute.org\"}, \"meta\": {\"hgnc_version\": \"2015-08-09T17:45:23.025Z\", \"hgncRemote_version\": \"2017-03-12T05:50:28.721Z\", \"hpo_version\": \"releases/2015-09-15\", \"phenotips_version\": \"1.2.6\", \"omim_version\": \"2015-10-07T18:26:19.654Z\"}, \"prenatal_perinatal_history\": {}, \"specificity\": {\"date\": \"2017-03-13T07:53:28.017Z\", \"score\": 0.0, \"server\": \"monarchinitiative.org\"}, \"date\": \"2017-03-13T02:38:33.000Z\", \"clinicalStatus\": {\"clinicalStatus\": \"affected\"}, \"external_id\": \"20161012_131013_809075_NA20874\", \"id\": \"P0000009\", \"ethnicity\": {\"maternal_ethnicity\": [], \"paternal_ethnicity\": []}, \"report_id\": \"P0000009\"}",
        "mme_id": null,
        "mme_submitted_data": null,
        "sequencing_samples": [
            73
        ]
    }
},
{
    "model": "seqr.individual",
    "pk": 10,
    "fields": {
        "guid": "I000010_na20875",
        "created_date": "2017-02-05T06:42:55.397Z",
        "created_by": null,
        "last_modified_date": "2017-03-13T07:53:28.579Z",
        "family": 6,
        "individual_id": "NA20875",
        "maternal_id": "",
        "paternal_id": "",
        "sex": "M",
        "affected": "A",
        "display_name": "",
        "case_review_status": "",
        "case_review_status_last_modified_date": null,
        "case_review_status_last_modified_by": null,
        "case_review_requested_info": null,
        "phenotips_patient_id": "P0000010",
        "phenotips_eid": "20161012_131013_816701_NA20875",
        "phenotips_data": "{\"life_status\": \"alive\", \"links\": {\"href\": \"http://localhost:8080/rest/patients/P0000010\", \"rel\": \"self\"}, \"solved\": {\"status\": \"unsolved\"}, \"reporter\": \"1kg\", \"last_modified_by\": \"1kg\", \"sex\": \"M\", \"last_modification_date\": \"2017-03-13T02:38:34.000Z\", \"prenatal_perinatal_phenotype\": {\"prenatal_phenotype\": [], \"negative_prenatal_phenotype\": []}, \"contact\": {\"user_id\": \"1kg\", \"name\": \"1kg\", \"email\": \"harindra@broadinstitute.org\"}, \"meta\": {\"hgnc_version\": \"2015-08-09T17:45:23.025Z\", \"hgncRemote_version\": \"2017-03-12T05:50:28.721Z\", \"hpo_version\": \"releases/2015-09-15\", \"phenotips_version\": \"1.2.6\", \"omim_version\": \"2015-10-07T18:26:19.654Z\"}, \"prenatal_perinatal_history\": {}, \"specificity\": {\"date\": \"2017-03-13T07:53:28.017Z\", \"score\": 0.0, \"server\": \"monarchinitiative.org\"}, \"date\": \"2017-03-13T02:38:33.000Z\", \"clinicalStatus\": {\"clinicalStatus\": \"affected\"}, \"external_id\": \"20161012_131013_816701_NA20875\", \"id\": \"P0000010\", \"ethnicity\": {\"maternal_ethnicity\": [], \"paternal_ethnicity\": []}, \"report_id\": \"P0000010\"}",
        "mme_id": null,
        "mme_submitted_data": null,
        "sequencing_samples": [
            74
        ]
    }
},
{
    "model": "seqr.individual",
    "pk": 11,
    "fields": {
        "guid": "I000011_na20876",
        "created_date": "2017-02-05T06:42:55.397Z",
        "created_by": null,
        "last_modified_date": "2017-03-13T07:53:28.610Z",
        "family": 7,
        "individual_id": "NA20876",
        "maternal_id": "",
        "paternal_id": "",
        "sex": "M",
        "affected": "A",
        "display_name": "",
        "case_review_status": "",
        "case_review_status_last_modified_date": null,
        "case_review_status_last_modified_by": null,
        "case_review_requested_info": null,
        "phenotips_patient_id": "P0000011",
        "phenotips_eid": "20161012_131013_823870_NA20876",
        "phenotips_data": "{\"life_status\": \"alive\", \"links\": {\"href\": \"http://localhost:8080/rest/patients/P0000011\", \"rel\": \"self\"}, \"solved\": {\"status\": \"unsolved\"}, \"reporter\": \"1kg\", \"last_modified_by\": \"1kg\", \"sex\": \"M\", \"last_modification_date\": \"2017-03-13T02:38:35.000Z\", \"prenatal_perinatal_phenotype\": {\"prenatal_phenotype\": [], \"negative_prenatal_phenotype\": []}, \"contact\": {\"user_id\": \"1kg\", \"name\": \"1kg\", \"email\": \"harindra@broadinstitute.org\"}, \"meta\": {\"hgnc_version\": \"2015-08-09T17:45:23.025Z\", \"hgncRemote_version\": \"2017-03-12T05:50:28.721Z\", \"hpo_version\": \"releases/2015-09-15\", \"phenotips_version\": \"1.2.6\", \"omim_version\": \"2015-10-07T18:26:19.654Z\"}, \"prenatal_perinatal_history\": {}, \"specificity\": {\"date\": \"2017-03-13T07:53:28.017Z\", \"score\": 0.0, \"server\": \"monarchinitiative.org\"}, \"date\": \"2017-03-13T02:38:34.000Z\", \"clinicalStatus\": {\"clinicalStatus\": \"affected\"}, \"external_id\": \"20161012_131013_823870_NA20876\", \"id\": \"P0000011\", \"ethnicity\": {\"maternal_ethnicity\": [], \"paternal_ethnicity\": []}, \"report_id\": \"P0000011\"}",
        "mme_id": null,
        "mme_submitted_data": null,
        "sequencing_samples": [
            75
        ]
    }
},
{
    "model": "seqr.individual",
    "pk": 12,
    "fields": {
        "guid": "I000012_na20877",
        "created_date": "2017-02-05T06:42:55.397Z",
        "created_by": null,
        "last_modified_date": "2017-03-13T07:53:28.638Z",
        "family": 8,
        "individual_id": "NA20877",
        "maternal_id": "",
        "paternal_id": "",
        "sex": "M",
        "affected": "A",
        "display_name": "",
        "case_review_status": "",
        "case_review_status_last_modified_date": null,
        "case_review_status_last_modified_by": null,
        "case_review_requested_info": null,
        "phenotips_patient_id": "P0000012",
        "phenotips_eid": "20161012_131013_831577_NA20877",
        "phenotips_data": "{\"life_status\": \"alive\", \"links\": {\"href\": \"http://localhost:8080/rest/patients/P0000012\", \"rel\": \"self\"}, \"solved\": {\"status\": \"unsolved\"}, \"reporter\": \"1kg\", \"last_modified_by\": \"1kg\", \"sex\": \"M\", \"last_modification_date\": \"2017-03-13T02:38:36.000Z\", \"prenatal_perinatal_phenotype\": {\"prenatal_phenotype\": [], \"negative_prenatal_phenotype\": []}, \"contact\": {\"user_id\": \"1kg\", \"name\": \"1kg\", \"email\": \"harindra@broadinstitute.org\"}, \"meta\": {\"hgnc_version\": \"2015-08-09T17:45:23.025Z\", \"hgncRemote_version\": \"2017-03-12T05:50:28.721Z\", \"hpo_version\": \"releases/2015-09-15\", \"phenotips_version\": \"1.2.6\", \"omim_version\": \"2015-10-07T18:26:19.654Z\"}, \"prenatal_perinatal_history\": {}, \"specificity\": {\"date\": \"2017-03-13T07:53:28.017Z\", \"score\": 0.0, \"server\": \"monarchinitiative.org\"}, \"date\": \"2017-03-13T02:38:35.000Z\", \"clinicalStatus\": {\"clinicalStatus\": \"affected\"}, \"external_id\": \"20161012_131013_831577_NA20877\", \"id\": \"P0000012\", \"ethnicity\": {\"maternal_ethnicity\": [], \"paternal_ethnicity\": []}, \"report_id\": \"P0000012\"}",
        "mme_id": null,
        "mme_submitted_data": null,
        "sequencing_samples": [
            76
        ]
    }
},
{
    "model": "seqr.individual",
    "pk": 13,
    "fields": {
        "guid": "I000013_na20878",
        "created_date": "2017-02-05T06:42:55.397Z",
        "created_by": null,
        "last_modified_date": "2017-03-13T07:53:28.669Z",
        "family": 9,
        "individual_id": "NA20878",
        "maternal_id": "",
        "paternal_id": "",
        "sex": "M",
        "affected": "A",
        "display_name": "",
        "case_review_status": "",
        "case_review_status_last_modified_date": null,
        "case_review_status_last_modified_by": null,
        "case_review_requested_info": null,
        "phenotips_patient_id": "P0000013",
        "phenotips_eid": "20161012_131013_841939_NA20878",
        "phenotips_data": "{\"life_status\": \"alive\", \"links\": {\"href\": \"http://localhost:8080/rest/patients/P0000013\", \"rel\": \"self\"}, \"solved\": {\"status\": \"unsolved\"}, \"reporter\": \"1kg\", \"last_modified_by\": \"1kg\", \"sex\": \"M\", \"last_modification_date\": \"2017-03-13T02:38:36.000Z\", \"prenatal_perinatal_phenotype\": {\"prenatal_phenotype\": [], \"negative_prenatal_phenotype\": []}, \"contact\": {\"user_id\": \"1kg\", \"name\": \"1kg\", \"email\": \"harindra@broadinstitute.org\"}, \"meta\": {\"hgnc_version\": \"2015-08-09T17:45:23.025Z\", \"hgncRemote_version\": \"2017-03-12T05:50:28.721Z\", \"hpo_version\": \"releases/2015-09-15\", \"phenotips_version\": \"1.2.6\", \"omim_version\": \"2015-10-07T18:26:19.654Z\"}, \"prenatal_perinatal_history\": {}, \"specificity\": {\"date\": \"2017-03-13T07:53:28.017Z\", \"score\": 0.0, \"server\": \"monarchinitiative.org\"}, \"date\": \"2017-03-13T02:38:36.000Z\", \"clinicalStatus\": {\"clinicalStatus\": \"affected\"}, \"external_id\": \"20161012_131013_841939_NA20878\", \"id\": \"P0000013\", \"ethnicity\": {\"maternal_ethnicity\": [], \"paternal_ethnicity\": []}, \"report_id\": \"P0000013\"}",
        "mme_id": null,
        "mme_submitted_data": null,
        "sequencing_samples": [
            77
        ]
    }
},
{
    "model": "seqr.individual",
    "pk": 14,
    "fields": {
        "guid": "I000014_na20881",
        "created_date": "2017-02-05T06:42:55.397Z",
        "created_by": null,
        "last_modified_date": "2017-03-13T07:53:28.699Z",
        "family": 10,
        "individual_id": "NA20881",
        "maternal_id": "",
        "paternal_id": "",
        "sex": "M",
        "affected": "A",
        "display_name": "",
        "case_review_status": "",
        "case_review_status_last_modified_date": null,
        "case_review_status_last_modified_by": null,
        "case_review_requested_info": null,
        "phenotips_patient_id": "P0000014",
        "phenotips_eid": "20161012_131013_850069_NA20881",
        "phenotips_data": "{\"life_status\": \"alive\", \"links\": {\"href\": \"http://localhost:8080/rest/patients/P0000014\", \"rel\": \"self\"}, \"solved\": {\"status\": \"unsolved\"}, \"reporter\": \"1kg\", \"last_modified_by\": \"1kg\", \"sex\": \"M\", \"last_modification_date\": \"2017-03-13T02:38:37.000Z\", \"prenatal_perinatal_phenotype\": {\"prenatal_phenotype\": [], \"negative_prenatal_phenotype\": []}, \"contact\": {\"user_id\": \"1kg\", \"name\": \"1kg\", \"email\": \"harindra@broadinstitute.org\"}, \"meta\": {\"hgnc_version\": \"2015-08-09T17:45:23.025Z\", \"hgncRemote_version\": \"2017-03-12T05:50:28.721Z\", \"hpo_version\": \"releases/2015-09-15\", \"phenotips_version\": \"1.2.6\", \"omim_version\": \"2015-10-07T18:26:19.654Z\"}, \"prenatal_perinatal_history\": {}, \"specificity\": {\"date\": \"2017-03-13T07:53:28.017Z\", \"score\": 0.0, \"server\": \"monarchinitiative.org\"}, \"date\": \"2017-03-13T02:38:37.000Z\", \"clinicalStatus\": {\"clinicalStatus\": \"affected\"}, \"external_id\": \"20161012_131013_850069_NA20881\", \"id\": \"P0000014\", \"ethnicity\": {\"maternal_ethnicity\": [], \"paternal_ethnicity\": []}, \"report_id\": \"P0000014\"}",
        "mme_id": null,
        "mme_submitted_data": null,
        "sequencing_samples": [
            78
        ]
    }
},
{
    "model": "seqr.individual",
    "pk": 15,
    "fields": {
        "guid": "I000015_na20885",
        "created_date": "2017-02-05T06:42:55.397Z",
        "created_by": null,
        "last_modified_date": "2017-03-13T07:53:28.729Z",
        "family": 11,
        "individual_id": "NA20885",
        "maternal_id": "",
        "paternal_id": "",
        "sex": "M",
        "affected": "A",
        "display_name": "",
        "case_review_status": "E",
        "case_review_status_last_modified_date": "2017-03-12T22:34:52.302Z",
        "case_review_status_last_modified_by": 1,
        "case_review_requested_info": null,
        "phenotips_patient_id": "P0000015",
        "phenotips_eid": "20161012_131013_859533_NA20885",
        "phenotips_data": "{\"life_status\": \"alive\", \"links\": {\"href\": \"http://localhost:8080/rest/patients/P0000015\", \"rel\": \"self\"}, \"solved\": {\"status\": \"unsolved\"}, \"reporter\": \"1kg\", \"last_modified_by\": \"1kg\", \"sex\": \"M\", \"last_modification_date\": \"2017-03-13T02:38:39.000Z\", \"prenatal_perinatal_phenotype\": {\"prenatal_phenotype\": [], \"negative_prenatal_phenotype\": []}, \"contact\": {\"user_id\": \"1kg\", \"name\": \"1kg\", \"email\": \"harindra@broadinstitute.org\"}, \"meta\": {\"hgnc_version\": \"2015-08-09T17:45:23.025Z\", \"hgncRemote_version\": \"2017-03-12T05:50:28.721Z\", \"hpo_version\": \"releases/2015-09-15\", \"phenotips_version\": \"1.2.6\", \"omim_version\": \"2015-10-07T18:26:19.654Z\"}, \"prenatal_perinatal_history\": {}, \"specificity\": {\"date\": \"2017-03-13T07:53:28.017Z\", \"score\": 0.0, \"server\": \"monarchinitiative.org\"}, \"date\": \"2017-03-13T02:38:37.000Z\", \"clinicalStatus\": {\"clinicalStatus\": \"affected\"}, \"external_id\": \"20161012_131013_859533_NA20885\", \"id\": \"P0000015\", \"ethnicity\": {\"maternal_ethnicity\": [], \"paternal_ethnicity\": []}, \"report_id\": \"P0000015\"}",
        "mme_id": null,
        "mme_submitted_data": null,
        "sequencing_samples": [
            79
        ]
    }
},
{
    "model": "seqr.individual",
    "pk": 16,
    "fields": {
        "guid": "I000016_na20888",
        "created_date": "2017-02-05T06:42:55.397Z",
        "created_by": null,
        "last_modified_date": "2017-03-13T07:53:28.760Z",
        "family": 12,
        "individual_id": "NA20888",
        "maternal_id": "",
        "paternal_id": "",
        "sex": "M",
        "affected": "A",
        "display_name": "",
        "case_review_status": "G",
        "case_review_status_last_modified_date": "2017-03-12T22:34:55.895Z",
        "case_review_status_last_modified_by": 1,
        "case_review_requested_info": null,
        "phenotips_patient_id": "P0000016",
        "phenotips_eid": "20161012_131013_867124_NA20888",
        "phenotips_data": "{\"life_status\": \"alive\", \"links\": {\"href\": \"http://localhost:8080/rest/patients/P0000016\", \"rel\": \"self\"}, \"solved\": {\"status\": \"unsolved\"}, \"reporter\": \"1kg\", \"last_modified_by\": \"1kg\", \"sex\": \"M\", \"last_modification_date\": \"2017-03-13T02:38:40.000Z\", \"prenatal_perinatal_phenotype\": {\"prenatal_phenotype\": [], \"negative_prenatal_phenotype\": []}, \"contact\": {\"user_id\": \"1kg\", \"name\": \"1kg\", \"email\": \"harindra@broadinstitute.org\"}, \"meta\": {\"hgnc_version\": \"2015-08-09T17:45:23.025Z\", \"hgncRemote_version\": \"2017-03-12T05:50:28.721Z\", \"hpo_version\": \"releases/2015-09-15\", \"phenotips_version\": \"1.2.6\", \"omim_version\": \"2015-10-07T18:26:19.654Z\"}, \"prenatal_perinatal_history\": {}, \"specificity\": {\"date\": \"2017-03-13T07:53:28.017Z\", \"score\": 0.0, \"server\": \"monarchinitiative.org\"}, \"date\": \"2017-03-13T02:38:39.000Z\", \"clinicalStatus\": {\"clinicalStatus\": \"affected\"}, \"external_id\": \"20161012_131013_867124_NA20888\", \"id\": \"P0000016\", \"ethnicity\": {\"maternal_ethnicity\": [], \"paternal_ethnicity\": []}, \"report_id\": \"P0000016\"}",
        "mme_id": null,
        "mme_submitted_data": null,
        "sequencing_samples": [
            80
        ]
    }
},
{
    "model": "seqr.sequencingsample",
    "pk": 65,
    "fields": {
        "guid": "S000065_na19675",
        "created_date": "2017-02-05T06:42:55.397Z",
        "created_by": null,
        "last_modified_date": "2017-03-13T07:53:28.052Z",
        "sample_batch": 5,
        "sample_id": "NA19675",
        "individual_id": "NA19675",
        "sample_status": "S",
        "bam_path": "",
        "picard_metrics_directory": null,
        "TOTAL_READS": null,
        "PF_READS": null,
        "PCT_PF_UQ_READS": null,
        "PCT_PF_UQ_READS_ALIGNED": null,
        "PCT_SELECTED_BASES": null,
        "MEAN_TARGET_COVERAGE": null,
        "MEDIAN_TARGET_COVERAGE": null,
        "GQ0_FRACTION": null,
        "PCT_TARGET_BASES_10X": null,
        "PCT_TARGET_BASES_20X": null,
        "PCT_TARGET_BASES_30X": null,
        "PCT_TARGET_BASES_40X": null,
        "PCT_TARGET_BASES_50X": null,
        "PCT_TARGET_BASES_100X": null,
        "HS_LIBRARY_SIZE": null,
        "AT_DROPOUT": null,
        "GC_DROPOUT": null
    }
},
{
    "model": "seqr.sequencingsample",
    "pk": 66,
    "fields": {
        "guid": "S000066_na19678",
        "created_date": "2017-02-05T06:42:55.397Z",
        "created_by": null,
        "last_modified_date": "2017-03-13T07:53:28.080Z",
        "sample_batch": 5,
        "sample_id": "NA19678",
        "individual_id": "NA19678",
        "sample_status": "S",
        "bam_path": "",
        "picard_metrics_directory": null,
        "TOTAL_READS": null,
        "PF_READS": null,
        "PCT_PF_UQ_READS": null,
        "PCT_PF_UQ_READS_ALIGNED": null,
        "PCT_SELECTED_BASES": null,
        "MEAN_TARGET_COVERAGE": null,
        "MEDIAN_TARGET_COVERAGE": null,
        "GQ0_FRACTION": null,
        "PCT_TARGET_BASES_10X": null,
        "PCT_TARGET_BASES_20X": null,
        "PCT_TARGET_BASES_30X": null,
        "PCT_TARGET_BASES_40X": null,
        "PCT_TARGET_BASES_50X": null,
        "PCT_TARGET_BASES_100X": null,
        "HS_LIBRARY_SIZE": null,
        "AT_DROPOUT": null,
        "GC_DROPOUT": null
    }
},
{
    "model": "seqr.sequencingsample",
    "pk": 67,
    "fields": {
        "guid": "S000067_na19679",
        "created_date": "2017-02-05T06:42:55.397Z",
        "created_by": null,
        "last_modified_date": "2017-03-13T07:53:28.112Z",
        "sample_batch": 5,
        "sample_id": "NA19679",
        "individual_id": "NA19679",
        "sample_status": "S",
        "bam_path": "",
        "picard_metrics_directory": null,
        "TOTAL_READS": null,
        "PF_READS": null,
        "PCT_PF_UQ_READS": null,
        "PCT_PF_UQ_READS_ALIGNED": null,
        "PCT_SELECTED_BASES": null,
        "MEAN_TARGET_COVERAGE": null,
        "MEDIAN_TARGET_COVERAGE": null,
        "GQ0_FRACTION": null,
        "PCT_TARGET_BASES_10X": null,
        "PCT_TARGET_BASES_20X": null,
        "PCT_TARGET_BASES_30X": null,
        "PCT_TARGET_BASES_40X": null,
        "PCT_TARGET_BASES_50X": null,
        "PCT_TARGET_BASES_100X": null,
        "HS_LIBRARY_SIZE": null,
        "AT_DROPOUT": null,
        "GC_DROPOUT": null
    }
},
{
    "model": "seqr.sequencingsample",
    "pk": 68,
    "fields": {
        "guid": "S000068_hg00731",
        "created_date": "2017-02-05T06:42:55.397Z",
        "created_by": null,
        "last_modified_date": "2017-03-13T07:53:28.413Z",
        "sample_batch": 5,
        "sample_id": "HG00731",
        "individual_id": "HG00731",
        "sample_status": "S",
        "bam_path": "",
        "picard_metrics_directory": null,
        "TOTAL_READS": null,
        "PF_READS": null,
        "PCT_PF_UQ_READS": null,
        "PCT_PF_UQ_READS_ALIGNED": null,
        "PCT_SELECTED_BASES": null,
        "MEAN_TARGET_COVERAGE": null,
        "MEDIAN_TARGET_COVERAGE": null,
        "GQ0_FRACTION": null,
        "PCT_TARGET_BASES_10X": null,
        "PCT_TARGET_BASES_20X": null,
        "PCT_TARGET_BASES_30X": null,
        "PCT_TARGET_BASES_40X": null,
        "PCT_TARGET_BASES_50X": null,
        "PCT_TARGET_BASES_100X": null,
        "HS_LIBRARY_SIZE": null,
        "AT_DROPOUT": null,
        "GC_DROPOUT": null
    }
},
{
    "model": "seqr.sequencingsample",
    "pk": 69,
    "fields": {
        "guid": "S000069_hg00732",
        "created_date": "2017-02-05T06:42:55.397Z",
        "created_by": null,
        "last_modified_date": "2017-03-13T07:53:28.441Z",
        "sample_batch": 5,
        "sample_id": "HG00732",
        "individual_id": "HG00732",
        "sample_status": "S",
        "bam_path": "",
        "picard_metrics_directory": null,
        "TOTAL_READS": null,
        "PF_READS": null,
        "PCT_PF_UQ_READS": null,
        "PCT_PF_UQ_READS_ALIGNED": null,
        "PCT_SELECTED_BASES": null,
        "MEAN_TARGET_COVERAGE": null,
        "MEDIAN_TARGET_COVERAGE": null,
        "GQ0_FRACTION": null,
        "PCT_TARGET_BASES_10X": null,
        "PCT_TARGET_BASES_20X": null,
        "PCT_TARGET_BASES_30X": null,
        "PCT_TARGET_BASES_40X": null,
        "PCT_TARGET_BASES_50X": null,
        "PCT_TARGET_BASES_100X": null,
        "HS_LIBRARY_SIZE": null,
        "AT_DROPOUT": null,
        "GC_DROPOUT": null
    }
},
{
    "model": "seqr.sequencingsample",
    "pk": 70,
    "fields": {
        "guid": "S000070_hg00733",
        "created_date": "2017-02-05T06:42:55.397Z",
        "created_by": null,
        "last_modified_date": "2017-03-13T07:53:28.467Z",
        "sample_batch": 5,
        "sample_id": "HG00733",
        "individual_id": "HG00733",
        "sample_status": "S",
        "bam_path": "",
        "picard_metrics_directory": null,
        "TOTAL_READS": null,
        "PF_READS": null,
        "PCT_PF_UQ_READS": null,
        "PCT_PF_UQ_READS_ALIGNED": null,
        "PCT_SELECTED_BASES": null,
        "MEAN_TARGET_COVERAGE": null,
        "MEDIAN_TARGET_COVERAGE": null,
        "GQ0_FRACTION": null,
        "PCT_TARGET_BASES_10X": null,
        "PCT_TARGET_BASES_20X": null,
        "PCT_TARGET_BASES_30X": null,
        "PCT_TARGET_BASES_40X": null,
        "PCT_TARGET_BASES_50X": null,
        "PCT_TARGET_BASES_100X": null,
        "HS_LIBRARY_SIZE": null,
        "AT_DROPOUT": null,
        "GC_DROPOUT": null
    }
},
{
    "model": "seqr.sequencingsample",
    "pk": 71,
    "fields": {
        "guid": "S000071_na20870",
        "created_date": "2017-02-05T06:42:55.397Z",
        "created_by": null,
        "last_modified_date": "2017-03-13T07:53:28.497Z",
        "sample_batch": 5,
        "sample_id": "NA20870",
        "individual_id": "NA20870",
        "sample_status": "S",
        "bam_path": "",
        "picard_metrics_directory": null,
        "TOTAL_READS": null,
        "PF_READS": null,
        "PCT_PF_UQ_READS": null,
        "PCT_PF_UQ_READS_ALIGNED": null,
        "PCT_SELECTED_BASES": null,
        "MEAN_TARGET_COVERAGE": null,
        "MEDIAN_TARGET_COVERAGE": null,
        "GQ0_FRACTION": null,
        "PCT_TARGET_BASES_10X": null,
        "PCT_TARGET_BASES_20X": null,
        "PCT_TARGET_BASES_30X": null,
        "PCT_TARGET_BASES_40X": null,
        "PCT_TARGET_BASES_50X": null,
        "PCT_TARGET_BASES_100X": null,
        "HS_LIBRARY_SIZE": null,
        "AT_DROPOUT": null,
        "GC_DROPOUT": null
    }
},
{
    "model": "seqr.sequencingsample",
    "pk": 72,
    "fields": {
        "guid": "S000072_na20872",
        "created_date": "2017-02-05T06:42:55.397Z",
        "created_by": null,
        "last_modified_date": "2017-03-13T07:53:28.526Z",
        "sample_batch": 5,
        "sample_id": "NA20872",
        "individual_id": "NA20872",
        "sample_status": "S",
        "bam_path": "",
        "picard_metrics_directory": null,
        "TOTAL_READS": null,
        "PF_READS": null,
        "PCT_PF_UQ_READS": null,
        "PCT_PF_UQ_READS_ALIGNED": null,
        "PCT_SELECTED_BASES": null,
        "MEAN_TARGET_COVERAGE": null,
        "MEDIAN_TARGET_COVERAGE": null,
        "GQ0_FRACTION": null,
        "PCT_TARGET_BASES_10X": null,
        "PCT_TARGET_BASES_20X": null,
        "PCT_TARGET_BASES_30X": null,
        "PCT_TARGET_BASES_40X": null,
        "PCT_TARGET_BASES_50X": null,
        "PCT_TARGET_BASES_100X": null,
        "HS_LIBRARY_SIZE": null,
        "AT_DROPOUT": null,
        "GC_DROPOUT": null
    }
},
{
    "model": "seqr.sequencingsample",
    "pk": 73,
    "fields": {
        "guid": "S000073_na20874",
        "created_date": "2017-02-05T06:42:55.397Z",
        "created_by": null,
        "last_modified_date": "2017-03-13T07:53:28.558Z",
        "sample_batch": 5,
        "sample_id": "NA20874",
        "individual_id": "NA20874",
        "sample_status": "S",
        "bam_path": "",
        "picard_metrics_directory": null,
        "TOTAL_READS": null,
        "PF_READS": null,
        "PCT_PF_UQ_READS": null,
        "PCT_PF_UQ_READS_ALIGNED": null,
        "PCT_SELECTED_BASES": null,
        "MEAN_TARGET_COVERAGE": null,
        "MEDIAN_TARGET_COVERAGE": null,
        "GQ0_FRACTION": null,
        "PCT_TARGET_BASES_10X": null,
        "PCT_TARGET_BASES_20X": null,
        "PCT_TARGET_BASES_30X": null,
        "PCT_TARGET_BASES_40X": null,
        "PCT_TARGET_BASES_50X": null,
        "PCT_TARGET_BASES_100X": null,
        "HS_LIBRARY_SIZE": null,
        "AT_DROPOUT": null,
        "GC_DROPOUT": null
    }
},
{
    "model": "seqr.sequencingsample",
    "pk": 74,
    "fields": {
        "guid": "S000074_na20875",
        "created_date": "2017-02-05T06:42:55.397Z",
        "created_by": null,
        "last_modified_date": "2017-03-13T07:53:28.587Z",
        "sample_batch": 5,
        "sample_id": "NA20875",
        "individual_id": "NA20875",
        "sample_status": "S",
        "bam_path": "",
        "picard_metrics_directory": null,
        "TOTAL_READS": null,
        "PF_READS": null,
        "PCT_PF_UQ_READS": null,
        "PCT_PF_UQ_READS_ALIGNED": null,
        "PCT_SELECTED_BASES": null,
        "MEAN_TARGET_COVERAGE": null,
        "MEDIAN_TARGET_COVERAGE": null,
        "GQ0_FRACTION": null,
        "PCT_TARGET_BASES_10X": null,
        "PCT_TARGET_BASES_20X": null,
        "PCT_TARGET_BASES_30X": null,
        "PCT_TARGET_BASES_40X": null,
        "PCT_TARGET_BASES_50X": null,
        "PCT_TARGET_BASES_100X": null,
        "HS_LIBRARY_SIZE": null,
        "AT_DROPOUT": null,
        "GC_DROPOUT": null
    }
},
{
    "model": "seqr.sequencingsample",
    "pk": 75,
    "fields": {
        "guid": "S000075_na20876",
        "created_date": "2017-02-05T06:42:55.397Z",
        "created_by": null,
        "last_modified_date": "2017-03-13T07:53:28.617Z",
        "sample_batch": 5,
        "sample_id": "NA20876",
        "individual_id": "NA20876",
        "sample_status": "S",
        "bam_path": "",
        "picard_metrics_directory": null,
        "TOTAL_READS": null,
        "PF_READS": null,
        "PCT_PF_UQ_READS": null,
        "PCT_PF_UQ_READS_ALIGNED": null,
        "PCT_SELECTED_BASES": null,
        "MEAN_TARGET_COVERAGE": null,
        "MEDIAN_TARGET_COVERAGE": null,
        "GQ0_FRACTION": null,
        "PCT_TARGET_BASES_10X": null,
        "PCT_TARGET_BASES_20X": null,
        "PCT_TARGET_BASES_30X": null,
        "PCT_TARGET_BASES_40X": null,
        "PCT_TARGET_BASES_50X": null,
        "PCT_TARGET_BASES_100X": null,
        "HS_LIBRARY_SIZE": null,
        "AT_DROPOUT": null,
        "GC_DROPOUT": null
    }
},
{
    "model": "seqr.sequencingsample",
    "pk": 76,
    "fields": {
        "guid": "S000076_na20877",
        "created_date": "2017-02-05T06:42:55.397Z",
        "created_by": null,
        "last_modified_date": "2017-03-13T07:53:28.647Z",
        "sample_batch": 5,
        "sample_id": "NA20877",
        "individual_id": "NA20877",
        "sample_status": "S",
        "bam_path": "",
        "picard_metrics_directory": null,
        "TOTAL_READS": null,
        "PF_READS": null,
        "PCT_PF_UQ_READS": null,
        "PCT_PF_UQ_READS_ALIGNED": null,
        "PCT_SELECTED_BASES": null,
        "MEAN_TARGET_COVERAGE": null,
        "MEDIAN_TARGET_COVERAGE": null,
        "GQ0_FRACTION": null,
        "PCT_TARGET_BASES_10X": null,
        "PCT_TARGET_BASES_20X": null,
        "PCT_TARGET_BASES_30X": null,
        "PCT_TARGET_BASES_40X": null,
        "PCT_TARGET_BASES_50X": null,
        "PCT_TARGET_BASES_100X": null,
        "HS_LIBRARY_SIZE": null,
        "AT_DROPOUT": null,
        "GC_DROPOUT": null
    }
},
{
    "model": "seqr.sequencingsample",
    "pk": 77,
    "fields": {
        "guid": "S000077_na20878",
        "created_date": "2017-02-05T06:42:55.397Z",
        "created_by": null,
        "last_modified_date": "2017-03-13T07:53:28.676Z",
        "sample_batch": 5,
        "sample_id": "NA20878",
        "individual_id": "NA20878",
        "sample_status": "S",
        "bam_path": "",
        "picard_metrics_directory": null,
        "TOTAL_READS": null,
        "PF_READS": null,
        "PCT_PF_UQ_READS": null,
        "PCT_PF_UQ_READS_ALIGNED": null,
        "PCT_SELECTED_BASES": null,
        "MEAN_TARGET_COVERAGE": null,
        "MEDIAN_TARGET_COVERAGE": null,
        "GQ0_FRACTION": null,
        "PCT_TARGET_BASES_10X": null,
        "PCT_TARGET_BASES_20X": null,
        "PCT_TARGET_BASES_30X": null,
        "PCT_TARGET_BASES_40X": null,
        "PCT_TARGET_BASES_50X": null,
        "PCT_TARGET_BASES_100X": null,
        "HS_LIBRARY_SIZE": null,
        "AT_DROPOUT": null,
        "GC_DROPOUT": null
    }
},
{
    "model": "seqr.sequencingsample",
    "pk": 78,
    "fields": {
        "guid": "S000078_na20881",
        "created_date": "2017-02-05T06:42:55.397Z",
        "created_by": null,
        "last_modified_date": "2017-03-13T07:53:28.708Z",
        "sample_batch": 5,
        "sample_id": "NA20881",
        "individual_id": "NA20881",
        "sample_status": "S",
        "bam_path": "",
        "picard_metrics_directory": null,
        "TOTAL_READS": null,
        "PF_READS": null,
        "PCT_PF_UQ_READS": null,
        "PCT_PF_UQ_READS_ALIGNED": null,
        "PCT_SELECTED_BASES": null,
        "MEAN_TARGET_COVERAGE": null,
        "MEDIAN_TARGET_COVERAGE": null,
        "GQ0_FRACTION": null,
        "PCT_TARGET_BASES_10X": null,
        "PCT_TARGET_BASES_20X": null,
        "PCT_TARGET_BASES_30X": null,
        "PCT_TARGET_BASES_40X": null,
        "PCT_TARGET_BASES_50X": null,
        "PCT_TARGET_BASES_100X": null,
        "HS_LIBRARY_SIZE": null,
        "AT_DROPOUT": null,
        "GC_DROPOUT": null
    }
},
{
    "model": "seqr.sequencingsample",
    "pk": 79,
    "fields": {
        "guid": "S000079_na20885",
        "created_date": "2017-02-05T06:42:55.397Z",
        "created_by": null,
        "last_modified_date": "2017-03-13T07:53:28.736Z",
        "sample_batch": 5,
        "sample_id": "NA20885",
        "individual_id": "NA20885",
        "sample_status": "S",
        "bam_path": "",
        "picard_metrics_directory": null,
        "TOTAL_READS": null,
        "PF_READS": null,
        "PCT_PF_UQ_READS": null,
        "PCT_PF_UQ_READS_ALIGNED": null,
        "PCT_SELECTED_BASES": null,
        "MEAN_TARGET_COVERAGE": null,
        "MEDIAN_TARGET_COVERAGE": null,
        "GQ0_FRACTION": null,
        "PCT_TARGET_BASES_10X": null,
        "PCT_TARGET_BASES_20X": null,
        "PCT_TARGET_BASES_30X": null,
        "PCT_TARGET_BASES_40X": null,
        "PCT_TARGET_BASES_50X": null,
        "PCT_TARGET_BASES_100X": null,
        "HS_LIBRARY_SIZE": null,
        "AT_DROPOUT": null,
        "GC_DROPOUT": null
    }
},
{
    "model": "seqr.sequencingsample",
    "pk": 80,
    "fields": {
        "guid": "S000080_na20888",
        "created_date": "2017-02-05T06:42:55.397Z",
        "created_by": null,
        "last_modified_date": "2017-03-13T07:53:28.767Z",
        "sample_batch": 5,
        "sample_id": "NA20888",
        "individual_id": "NA20888",
        "sample_status": "S",
        "bam_path": "",
        "picard_metrics_directory": null,
        "TOTAL_READS": null,
        "PF_READS": null,
        "PCT_PF_UQ_READS": null,
        "PCT_PF_UQ_READS_ALIGNED": null,
        "PCT_SELECTED_BASES": null,
        "MEAN_TARGET_COVERAGE": null,
        "MEDIAN_TARGET_COVERAGE": null,
        "GQ0_FRACTION": null,
        "PCT_TARGET_BASES_10X": null,
        "PCT_TARGET_BASES_20X": null,
        "PCT_TARGET_BASES_30X": null,
        "PCT_TARGET_BASES_40X": null,
        "PCT_TARGET_BASES_50X": null,
        "PCT_TARGET_BASES_100X": null,
        "HS_LIBRARY_SIZE": null,
        "AT_DROPOUT": null,
        "GC_DROPOUT": null
    }
},
{
    "model": "seqr.samplebatch",
    "pk": 5,
    "fields": {
        "guid": "D00005_1kg_project_name_with_u",
        "created_date": "2017-03-12T19:27:08.156Z",
        "created_by": null,
        "last_modified_date": "2017-03-13T07:53:28.765Z",
        "name": "1kg project n\u00e5me with uni\u00e7\u00f8de",
        "description": "1000 genomes project description with uni\u00e7\u00f8de",
        "sequencing_type": "WES",
        "genome_build_id": "b37",
        "variant_callset_is_loaded": false,
        "variant_callset_loaded_date": null,
        "variant_callset_path": "/Users/weisburd/data/1kg/1kg.vep_minimal.vcf.gz"
    }
}
]
