[
{
    "model": "seqr.project",
    "pk": 1,
    "fields": {
        "guid": "R0001_1kg",
        "created_date": "2017-03-12T19:27:08.156Z",
        "created_by": null,
        "last_modified_date": "2017-03-13T09:07:49.582Z",
        "name": "1kg project n\u00e5me with uni\u00e7\u00f8de",
        "description": "1000 genomes project description with uni\u00e7\u00f8de",
	"owners_group": 1,
	"can_edit_group": 2,
	"can_view_group": 3,
	"is_phenotips_enabled": true,
	"phenotips_user_id": "1kg",
	"is_mme_enabled": false,
	"mme_primary_data_owner": "PI",
	"deprecated_last_accessed_date": "2017-09-15T18:15:50.827Z",
	"deprecated_project_id": "1kg",
	"custom_reference_populations": []
    }
},
{
    "model": "seqr.projectcategory",
    "pk": 2,
    "fields": {
        "guid": "PC000002_categry_with_unicde",
        "created_date": "2017-03-12T23:52:36.401Z",
        "created_by": 1,
        "last_modified_date": "2017-03-12T23:52:36.401Z",
        "name": "c\u00e5teg\u00f8ry with uni\u00e7\u00f8de",
        "projects": [
            1
        ]
    }
},
{
    "model": "seqr.projectcategory",
    "pk": 3,
    "fields": {
        "guid": "PC000003_test_category_name",
        "created_date": "2017-03-12T23:52:55.846Z",
        "created_by": 1,
        "last_modified_date": "2017-03-12T23:52:55.846Z",
        "name": "test category name",
        "projects": [
            1
        ]
    }
},
{
    "model": "seqr.family",
    "pk": 1,
    "fields": {
        "guid": "F000001_1",
        "created_date": "2017-03-12T19:27:08.199Z",
        "created_by": null,
        "last_modified_date": "2017-03-13T07:53:27.973Z",
        "project": 1,
        "family_id": "1",
        "display_name": "1",
        "description": "test descripti\u00f8n",
        "pedigree_image": "ped_1.png",
        "analysis_notes": "<b>\r\n                        F\u00e5mily analysis n\u00f8tes\r\n                    </b>",
        "analysis_summary": "<b>\r\n                        F\u00e5mily analysis summ\u00e5ry.\r\n                    </b>",
        "causal_inheritance_mode": "unknown",
        "analysis_status": "Q",
        "internal_analysis_status": null,
        "internal_case_review_notes": "<div>initial notes with uni&ccedil;&oslash;de</div>\n<div>test</div>",
        "internal_case_review_summary": "<div>internal case review summary with uni&ccedil;&oslash;de</div>"
    }
},
{
    "model": "seqr.family",
    "pk": 2,
    "fields": {
        "guid": "F000002_2",
        "created_date": "2017-03-12T19:27:08.319Z",
        "created_by": null,
        "last_modified_date": "2017-03-12T22:36:26.681Z",
        "project": 1,
        "family_id": "2",
        "display_name": "2",
        "description": "",
        "pedigree_image": "ped_2.png",
        "analysis_notes": "",
        "analysis_summary": "",
        "causal_inheritance_mode": "unknown",
        "analysis_status": "Q",
        "internal_analysis_status": null,
        "internal_case_review_notes": "<div>internal notes 2</div>\n<div>&nbsp;</div>",
        "internal_case_review_summary": "<div>internal case review summary 2</div>\n<div>&nbsp;</div>"
    }
},
{
    "model": "seqr.family",
    "pk": 3,
    "fields": {
        "guid": "F000003_3",
        "created_date": "2017-03-12T19:27:08.421Z",
        "created_by": null,
        "last_modified_date": "2017-03-12T19:27:08.435Z",
        "project": 1,
        "family_id": "3",
        "display_name": "3",
        "description": "",
        "pedigree_image": "ped_3.png",
        "analysis_notes": "",
        "analysis_summary": "",
        "causal_inheritance_mode": "unknown",
        "analysis_status": "Q",
        "internal_analysis_status": null,
        "internal_case_review_notes": "",
        "internal_case_review_summary": "internal_case_review_summary"
    }
},
{
    "model": "seqr.family",
    "pk": 4,
    "fields": {
        "guid": "F000004_4",
        "created_date": "2017-03-12T19:27:08.468Z",
        "created_by": null,
        "last_modified_date": "2017-03-12T19:27:08.483Z",
        "project": 1,
        "family_id": "4",
        "display_name": "4",
        "description": "",
        "pedigree_image": "ped_4.png",
        "analysis_notes": "",
        "analysis_summary": "",
        "causal_inheritance_mode": "unknown",
        "analysis_status": "Q",
        "internal_analysis_status": null,
        "internal_case_review_notes": "",
        "internal_case_review_summary": "internal_case_review_summary"
    }
},
{
    "model": "seqr.family",
    "pk": 5,
    "fields": {
        "guid": "F000005_5",
        "created_date": "2017-03-12T19:27:08.516Z",
        "created_by": null,
        "last_modified_date": "2017-03-12T19:27:08.530Z",
        "project": 1,
        "family_id": "5",
        "display_name": "5",
        "description": "",
        "pedigree_image": "ped.png",
        "analysis_notes": "",
        "analysis_summary": "",
        "causal_inheritance_mode": "unknown",
        "analysis_status": "Q",
        "internal_analysis_status": null,
        "internal_case_review_notes": "",
        "internal_case_review_summary": "internal_case_review_summary"
    }
},
{
    "model": "seqr.family",
    "pk": 6,
    "fields": {
        "guid": "F000006_6",
        "created_date": "2017-03-12T19:27:08.563Z",
        "created_by": null,
        "last_modified_date": "2017-03-12T19:27:08.577Z",
        "project": 1,
        "family_id": "6",
        "display_name": "6",
        "description": "",
        "pedigree_image": "ped.png",
        "analysis_notes": "",
        "analysis_summary": "",
        "causal_inheritance_mode": "unknown",
        "analysis_status": "Q",
        "internal_analysis_status": null,
        "internal_case_review_notes": "",
        "internal_case_review_summary": "internal_case_review_summary"
    }
},
{
    "model": "seqr.family",
    "pk": 7,
    "fields": {
        "guid": "F000007_7",
        "created_date": "2017-03-12T19:27:08.610Z",
        "created_by": null,
        "last_modified_date": "2017-03-12T19:27:08.622Z",
        "project": 1,
        "family_id": "7",
        "display_name": "7",
        "description": "",
        "pedigree_image": "ped.png",
        "analysis_notes": "",
        "analysis_summary": "",
        "causal_inheritance_mode": "unknown",
        "analysis_status": "Q",
        "internal_analysis_status": null,
        "internal_case_review_notes": "",
        "internal_case_review_summary": "internal_case_review_summary"
    }
},
{
    "model": "seqr.family",
    "pk": 8,
    "fields": {
        "guid": "F000008_8",
        "created_date": "2017-03-12T19:27:08.652Z",
        "created_by": null,
        "last_modified_date": "2017-03-12T19:27:08.666Z",
        "project": 1,
        "family_id": "8",
        "display_name": "8",
        "description": "",
        "pedigree_image": "ped.png",
        "analysis_notes": "",
        "analysis_summary": "",
        "causal_inheritance_mode": "unknown",
        "analysis_status": "Q",
        "internal_analysis_status": null,
        "internal_case_review_notes": "",
        "internal_case_review_summary": "internal_case_review_summary"
    }
},
{
    "model": "seqr.family",
    "pk": 9,
    "fields": {
        "guid": "F000009_9",
        "created_date": "2017-03-12T19:27:08.697Z",
        "created_by": null,
        "last_modified_date": "2017-03-12T19:27:08.714Z",
        "project": 1,
        "family_id": "9",
        "display_name": "9",
        "description": "",
        "pedigree_image": "ped.png",
        "analysis_notes": "",
        "analysis_summary": "",
        "causal_inheritance_mode": "unknown",
        "analysis_status": "Q",
        "internal_analysis_status": null,
        "internal_case_review_notes": "",
        "internal_case_review_summary": "internal_case_review_summary"
    }
},
{
    "model": "seqr.family",
    "pk": 10,
    "fields": {
        "guid": "F000010_10",
        "created_date": "2017-03-12T19:27:08.760Z",
        "created_by": null,
        "last_modified_date": "2017-03-12T19:27:08.773Z",
        "project": 1,
        "family_id": "10",
        "display_name": "10",
        "description": "",
        "pedigree_image": "ped.png",
        "analysis_notes": "",
        "analysis_summary": "",
        "causal_inheritance_mode": "unknown",
        "analysis_status": "Q",
        "internal_analysis_status": null,
        "internal_case_review_notes": "",
        "internal_case_review_summary": "internal_case_review_summary"
    }
},
{
    "model": "seqr.family",
    "pk": 11,
    "fields": {
        "guid": "F000011_11",
        "created_date": "2017-03-12T19:27:08.806Z",
        "created_by": null,
        "last_modified_date": "2017-03-12T22:36:49.654Z",
        "project": 1,
        "family_id": "11",
        "display_name": "11",
        "description": "",
        "pedigree_image": "ped.png",
        "analysis_notes": "",
        "analysis_summary": "",
        "causal_inheritance_mode": "unknown",
        "analysis_status": "Q",
        "internal_analysis_status": null,
        "internal_case_review_notes": "",
        "internal_case_review_summary": ""
    }
},
{
    "model": "seqr.family",
    "pk": 12,
    "fields": {
        "guid": "F000012_12",
        "created_date": "2017-03-12T19:27:08.848Z",
        "created_by": null,
        "last_modified_date": "2017-03-12T22:37:17.555Z",
        "project": 1,
        "family_id": "12",
        "display_name": "12",
        "description": "",
        "pedigree_image": "ped.png",
        "analysis_notes": "",
        "analysis_summary": "",
        "causal_inheritance_mode": "unknown",
        "analysis_status": "Q",
        "internal_analysis_status": null,
        "internal_case_review_notes": "<div><span style=\"text-decoration: underline;\"><span style=\"font-family: 'book antiqua', palatino, serif;\">case review notes for family 12</span></span></div>\n<ul>\n<li><span style=\"font-family: 'book antiqua', palatino, serif;\">note1</span></li>\n<li><span style=\"font-family: 'book antiqua', palatino, serif;\">note 2</span></li>\n<li><span style=\"font-family: 'book antiqua', palatino, serif;\">note 3</span></li>\n</ul>",
        "internal_case_review_summary": "<div><span style=\"font-family: 'courier new', courier, monospace;\"><strong>summary for family 12</strong></span></div>"
    }
},
{
    "model": "seqr.individual",
    "pk": 1,
    "fields": {
        "guid": "I000001_na19675",
        "created_date": "2017-02-05T06:42:55.397Z",
        "created_by": null,
        "last_modified_date": "2017-03-13T09:07:49.719Z",
        "family": 1,
        "individual_id": "NA19675",
        "maternal_id": "NA19679",
        "paternal_id": "NA19678",
        "sex": "M",
        "affected": "A",
        "display_name": "",
	"notes": "",
        "case_review_status": "I",
        "case_review_status_last_modified_date": "2017-03-12T22:34:43.204Z",
        "case_review_status_last_modified_by": 1,
        "case_review_discussion": null,
        "phenotips_patient_id": "P0000001",
        "phenotips_eid": "20161012_131013_744125_NA19675",
        "phenotips_data": "{\"features\": [{\"observed\": \"no\", \"category\": \"HP:0001626\", \"type\": \"phenotype\", \"id\": \"HP:0011675\", \"label\": \"Arrhythmia\"}, {\"observed\": \"no\", \"category\": \"HP:0001626\", \"type\": \"phenotype\", \"id\": \"HP:0001674\", \"label\": \"Complete atrioventricular canal defect\"}, {\"observed\": \"yes\", \"category\": \"HP:0001626\", \"type\": \"phenotype\", \"id\": \"HP:0001631\", \"label\": \"Defect in the atrial septum\"}, {\"observed\": \"no\", \"category\": \"HP:0001507\", \"type\": \"phenotype\", \"id\": \"HP:0001508\", \"label\": \"Failure to thrive\"}, {\"observed\": \"yes\", \"category\": \"HP:0000707\", \"type\": \"phenotype\", \"id\": \"HP:0002011\", \"label\": \"Morphological abnormality of the central nervous system\"}, {\"observed\": \"yes\", \"category\": \"HP:0001626\", \"type\": \"phenotype\", \"id\": \"HP:0001636\", \"label\": \"Tetralogy of Fallot\"}], \"links\": {\"href\": \"http://localhost:8080/rest/patients/P0000001\", \"rel\": \"self\"}, \"nonstandard_features\": [], \"sex\": \"M\", \"meta\": {\"hgnc_version\": \"2015-08-09T17:45:23.025Z\", \"hgncRemote_version\": \"2017-03-12T05:50:28.721Z\", \"hpo_version\": \"releases/2015-09-15\", \"phenotips_version\": \"1.2.6\", \"omim_version\": \"2015-10-07T18:26:19.654Z\"}, \"specificity\": {\"date\": \"2017-03-13T09:07:49.711Z\", \"score\": 0.7296054396830466, \"server\": \"local-omim\"}, \"last_modification_date\": \"2017-03-13T09:06:58.000Z\", \"id\": \"P0000001\", \"ethnicity\": {\"maternal_ethnicity\": [\"Azerbaijanis\"], \"paternal_ethnicity\": [\"African Americans\"]}, \"family_history\": {\"consanguinity\": true, \"affectedRelatives\": false}, \"rejectedGenes\": [{\"gene\": \"IKBKAP\", \"comments\": \"comments IKBKAP\"}, {\"gene\": \"CCDC102B\", \"comments\": \"comments for CCDC102B\"}], \"date_of_birth\": \"\", \"life_status\": \"alive\", \"reporter\": \"1kg\", \"genes\": [{\"gene\": \"EHBP1L1\", \"comments\": \"comments EHBP1L1\"}, {\"gene\": \"ACY3\", \"comments\": \"comments ACY3\"}], \"date_of_death\": \"\", \"prenatal_perinatal_phenotype\": {\"prenatal_phenotype\": [], \"negative_prenatal_phenotype\": []}, \"prenatal_perinatal_history\": {}, \"date\": \"2017-03-13T02:38:25.000Z\", \"clinicalStatus\": {\"clinicalStatus\": \"affected\"}, \"report_id\": \"P0000001\", \"global_age_of_onset\": [{\"id\": \"HP:0003581\", \"label\": \"Adult onset\"}], \"last_modified_by\": \"1kg\", \"solved\": {\"status\": \"unsolved\"}, \"contact\": {\"user_id\": \"1kg\", \"name\": \"1kg\", \"email\": \"harindra@broadinstitute.org\"}, \"external_id\": \"20161012_131013_744125_NA19675\"}",
        "mme_id": null,
        "mme_submitted_data": null
    }
},
{
    "model": "seqr.individual",
    "pk": 2,
    "fields": {
        "guid": "I000002_na19678",
        "created_date": "2017-02-05T06:42:55.397Z",
        "created_by": null,
        "last_modified_date": "2017-03-13T09:07:49.766Z",
        "family": 1,
        "individual_id": "NA19678",
        "maternal_id": "",
        "paternal_id": "",
        "sex": "M",
        "affected": "N",
        "display_name": "",
	"notes": "",
        "case_review_status": "U",
        "case_review_status_last_modified_date": "2017-03-12T22:34:46.200Z",
        "case_review_status_last_modified_by": 1,
        "case_review_discussion": null,
        "phenotips_patient_id": "P0000002",
        "phenotips_eid": "20161012_131013_752998_NA19678",
        "phenotips_data": "{\"life_status\": \"alive\", \"links\": {\"href\": \"http://localhost:8080/rest/patients/P0000002\", \"rel\": \"self\"}, \"solved\": {\"status\": \"unsolved\"}, \"reporter\": \"1kg\", \"last_modified_by\": \"1kg\", \"sex\": \"M\", \"last_modification_date\": \"2017-03-13T02:38:28.000Z\", \"prenatal_perinatal_phenotype\": {\"prenatal_phenotype\": [], \"negative_prenatal_phenotype\": []}, \"contact\": {\"user_id\": \"1kg\", \"name\": \"1kg\", \"email\": \"harindra@broadinstitute.org\"}, \"meta\": {\"hgnc_version\": \"2015-08-09T17:45:23.025Z\", \"hgncRemote_version\": \"2017-03-12T05:50:28.721Z\", \"hpo_version\": \"releases/2015-09-15\", \"phenotips_version\": \"1.2.6\", \"omim_version\": \"2015-10-07T18:26:19.654Z\"}, \"prenatal_perinatal_history\": {}, \"specificity\": {\"date\": \"2017-03-13T09:01:53.748Z\", \"score\": 0.0, \"server\": \"monarchinitiative.org\"}, \"date\": \"2017-03-13T02:38:27.000Z\", \"clinicalStatus\": {\"clinicalStatus\": \"affected\"}, \"external_id\": \"20161012_131013_752998_NA19678\", \"id\": \"P0000002\", \"ethnicity\": {\"maternal_ethnicity\": [], \"paternal_ethnicity\": []}, \"report_id\": \"P0000002\"}",
        "mme_id": null,
        "mme_submitted_data": null
    }
},
{
    "model": "seqr.individual",
    "pk": 3,
    "fields": {
        "guid": "I000003_na19679",
        "created_date": "2017-02-05T06:42:55.397Z",
        "created_by": null,
        "last_modified_date": "2017-03-13T09:07:49.793Z",
        "family": 1,
        "individual_id": "NA19679",
        "maternal_id": "",
        "paternal_id": "",
        "sex": "F",
        "affected": "N",
        "display_name": "",
	"notes": "",
        "case_review_status": "A",
        "case_review_status_last_modified_date": "2017-03-12T22:34:49.964Z",
        "case_review_status_last_modified_by": 1,
        "case_review_discussion": null,
        "phenotips_patient_id": "P0000003",
        "phenotips_eid": "20161012_131013_759726_NA19679",
        "phenotips_data": "{\"life_status\": \"alive\", \"links\": {\"href\": \"http://localhost:8080/rest/patients/P0000003\", \"rel\": \"self\"}, \"solved\": {\"status\": \"unsolved\"}, \"reporter\": \"1kg\", \"last_modified_by\": \"1kg\", \"sex\": \"F\", \"last_modification_date\": \"2017-03-13T02:38:29.000Z\", \"prenatal_perinatal_phenotype\": {\"prenatal_phenotype\": [], \"negative_prenatal_phenotype\": []}, \"contact\": {\"user_id\": \"1kg\", \"name\": \"1kg\", \"email\": \"harindra@broadinstitute.org\"}, \"meta\": {\"hgnc_version\": \"2015-08-09T17:45:23.025Z\", \"hgncRemote_version\": \"2017-03-12T05:50:28.721Z\", \"hpo_version\": \"releases/2015-09-15\", \"phenotips_version\": \"1.2.6\", \"omim_version\": \"2015-10-07T18:26:19.654Z\"}, \"prenatal_perinatal_history\": {}, \"specificity\": {\"date\": \"2017-03-13T09:01:53.748Z\", \"score\": 0.0, \"server\": \"monarchinitiative.org\"}, \"date\": \"2017-03-13T02:38:28.000Z\", \"clinicalStatus\": {\"clinicalStatus\": \"affected\"}, \"external_id\": \"20161012_131013_759726_NA19679\", \"id\": \"P0000003\", \"ethnicity\": {\"maternal_ethnicity\": [], \"paternal_ethnicity\": []}, \"report_id\": \"P0000003\"}",
        "mme_id": null,
        "mme_submitted_data": null
    }
},
{
    "model": "seqr.individual",
    "pk": 4,
    "fields": {
        "guid": "I000004_hg00731",
        "created_date": "2017-02-05T06:42:55.397Z",
        "created_by": null,
        "last_modified_date": "2017-03-13T09:07:49.928Z",
        "family": 2,
        "individual_id": "HG00731",
        "maternal_id": "HG00733",
        "paternal_id": "HG00732",
        "sex": "F",
        "affected": "A",
        "display_name": "",
	"notes": "",
        "case_review_status": "3",
        "case_review_status_last_modified_date": "2017-03-12T22:34:59.093Z",
        "case_review_status_last_modified_by": 1,
        "case_review_discussion": null,
        "phenotips_patient_id": "P0000004",
        "phenotips_eid": "20161012_131013_767240_HG00731",
        "phenotips_data": "{\"features\": [{\"observed\": \"yes\", \"category\": \"HP:0001507\", \"type\": \"phenotype\", \"id\": \"HP:0004325\", \"label\": \"Decreased body weight\"}, {\"observed\": \"no\", \"category\": \"HP:0040064\", \"type\": \"phenotype\", \"id\": \"HP:0006101\", \"label\": \"Finger syndactyly\"}, {\"observed\": \"yes\", \"category\": \"HP:0003011\", \"type\": \"phenotype\", \"id\": \"HP:0001290\", \"label\": \"Generalized hypotonia\"}, {\"observed\": \"yes\", \"category\": \"HP:0000707\", \"type\": \"phenotype\", \"id\": \"HP:0002011\", \"label\": \"Morphological abnormality of the central nervous system\"}, {\"observed\": \"yes\", \"category\": \"HP:0040064\", \"type\": \"phenotype\", \"id\": \"HP:0100258\", \"label\": \"Preaxial polydactyly\"}, {\"observed\": \"yes\", \"category\": \"HP:0000924\", \"type\": \"phenotype\", \"id\": \"HP:0002650\", \"label\": \"Scoliosis\"}, {\"observed\": \"no\", \"category\": \"HP:0001507\", \"type\": \"phenotype\", \"id\": \"HP:0004322\", \"label\": \"Short stature\"}], \"links\": {\"href\": \"http://localhost:8080/rest/patients/P0000004\", \"rel\": \"self\"}, \"nonstandard_features\": [], \"sex\": \"F\", \"meta\": {\"hgnc_version\": \"2015-08-09T17:45:23.025Z\", \"hgncRemote_version\": \"2017-03-12T05:50:28.721Z\", \"hpo_version\": \"releases/2015-09-15\", \"phenotips_version\": \"1.2.6\", \"omim_version\": \"2015-10-07T18:26:19.654Z\"}, \"specificity\": {\"date\": \"2017-03-13T09:07:49.921Z\", \"score\": 0.7752964260625449, \"server\": \"local-omim\"}, \"last_modification_date\": \"2017-03-13T02:41:37.000Z\", \"id\": \"P0000004\", \"ethnicity\": {\"maternal_ethnicity\": [], \"paternal_ethnicity\": []}, \"family_history\": {}, \"date_of_birth\": \"\", \"life_status\": \"alive\", \"reporter\": \"1kg\", \"date_of_death\": \"\", \"prenatal_perinatal_phenotype\": {\"prenatal_phenotype\": [], \"negative_prenatal_phenotype\": []}, \"prenatal_perinatal_history\": {}, \"date\": \"2017-03-13T02:38:29.000Z\", \"clinicalStatus\": {\"clinicalStatus\": \"affected\"}, \"report_id\": \"P0000004\", \"last_modified_by\": \"1kg\", \"solved\": {\"status\": \"unsolved\"}, \"contact\": {\"user_id\": \"1kg\", \"name\": \"1kg\", \"email\": \"harindra@broadinstitute.org\"}, \"external_id\": \"20161012_131013_767240_HG00731\"}",
        "mme_id": null,
        "mme_submitted_data": null
    }
},
{
    "model": "seqr.individual",
    "pk": 5,
    "fields": {
        "guid": "I000005_hg00732",
        "created_date": "2017-02-05T06:42:55.397Z",
        "created_by": null,
        "last_modified_date": "2017-03-13T09:07:49.956Z",
        "family": 2,
        "individual_id": "HG00732",
        "maternal_id": "",
        "paternal_id": "",
        "sex": "M",
        "affected": "N",
        "display_name": "",
	"notes": "",
        "case_review_status": "R",
        "case_review_status_last_modified_date": null,
        "case_review_status_last_modified_by": null,
        "case_review_discussion": null,
        "phenotips_patient_id": "P0000005",
        "phenotips_eid": "20161012_131013_776107_HG00732",
        "phenotips_data": "{\"life_status\": \"alive\", \"links\": {\"href\": \"http://localhost:8080/rest/patients/P0000005\", \"rel\": \"self\"}, \"solved\": {\"status\": \"unsolved\"}, \"reporter\": \"1kg\", \"last_modified_by\": \"1kg\", \"sex\": \"M\", \"last_modification_date\": \"2017-03-13T02:38:30.000Z\", \"prenatal_perinatal_phenotype\": {\"prenatal_phenotype\": [], \"negative_prenatal_phenotype\": []}, \"contact\": {\"user_id\": \"1kg\", \"name\": \"1kg\", \"email\": \"harindra@broadinstitute.org\"}, \"meta\": {\"hgnc_version\": \"2015-08-09T17:45:23.025Z\", \"hgncRemote_version\": \"2017-03-12T05:50:28.721Z\", \"hpo_version\": \"releases/2015-09-15\", \"phenotips_version\": \"1.2.6\", \"omim_version\": \"2015-10-07T18:26:19.654Z\"}, \"prenatal_perinatal_history\": {}, \"specificity\": {\"date\": \"2017-03-13T09:01:53.748Z\", \"score\": 0.0, \"server\": \"monarchinitiative.org\"}, \"date\": \"2017-03-13T02:38:30.000Z\", \"clinicalStatus\": {\"clinicalStatus\": \"affected\"}, \"external_id\": \"20161012_131013_776107_HG00732\", \"id\": \"P0000005\", \"ethnicity\": {\"maternal_ethnicity\": [], \"paternal_ethnicity\": []}, \"report_id\": \"P0000005\"}",
        "mme_id": null,
        "mme_submitted_data": null
    }
},
{
    "model": "seqr.individual",
    "pk": 6,
    "fields": {
        "guid": "I000006_hg00733",
        "created_date": "2017-02-05T06:42:55.397Z",
        "created_by": null,
        "last_modified_date": "2017-03-13T09:07:49.980Z",
        "family": 2,
        "individual_id": "HG00733",
        "maternal_id": "",
        "paternal_id": "",
        "sex": "F",
        "affected": "N",
        "display_name": "",
	"notes": "",
        "case_review_status": "H",
        "case_review_status_last_modified_date": "2017-03-12T22:35:06.446Z",
        "case_review_status_last_modified_by": 1,
        "case_review_discussion": null,
        "phenotips_patient_id": "P0000006",
        "phenotips_eid": "20161012_131013_783081_HG00733",
        "phenotips_data": "{\"life_status\": \"alive\", \"links\": {\"href\": \"http://localhost:8080/rest/patients/P0000006\", \"rel\": \"self\"}, \"solved\": {\"status\": \"unsolved\"}, \"reporter\": \"1kg\", \"last_modified_by\": \"1kg\", \"sex\": \"F\", \"last_modification_date\": \"2017-03-13T02:38:31.000Z\", \"prenatal_perinatal_phenotype\": {\"prenatal_phenotype\": [], \"negative_prenatal_phenotype\": []}, \"contact\": {\"user_id\": \"1kg\", \"name\": \"1kg\", \"email\": \"harindra@broadinstitute.org\"}, \"meta\": {\"hgnc_version\": \"2015-08-09T17:45:23.025Z\", \"hgncRemote_version\": \"2017-03-12T05:50:28.721Z\", \"hpo_version\": \"releases/2015-09-15\", \"phenotips_version\": \"1.2.6\", \"omim_version\": \"2015-10-07T18:26:19.654Z\"}, \"prenatal_perinatal_history\": {}, \"specificity\": {\"date\": \"2017-03-13T09:01:53.748Z\", \"score\": 0.0, \"server\": \"monarchinitiative.org\"}, \"date\": \"2017-03-13T02:38:31.000Z\", \"clinicalStatus\": {\"clinicalStatus\": \"affected\"}, \"external_id\": \"20161012_131013_783081_HG00733\", \"id\": \"P0000006\", \"ethnicity\": {\"maternal_ethnicity\": [], \"paternal_ethnicity\": []}, \"report_id\": \"P0000006\"}",
        "mme_id": null,
        "mme_submitted_data": null
    }
},
{
    "model": "seqr.individual",
    "pk": 7,
    "fields": {
        "guid": "I000007_na20870",
        "created_date": "2017-02-05T06:42:55.397Z",
        "created_by": null,
        "last_modified_date": "2017-03-13T09:07:50.015Z",
        "family": 3,
        "individual_id": "NA20870",
        "maternal_id": "",
        "paternal_id": "",
        "sex": "M",
        "affected": "A",
        "display_name": "",
	"notes": "",
        "case_review_status": "",
        "case_review_status_last_modified_date": null,
        "case_review_status_last_modified_by": null,
        "case_review_discussion": null,
        "phenotips_patient_id": "P0000007",
        "phenotips_eid": "20161012_131013_791340_NA20870",
        "phenotips_data": "{\"life_status\": \"alive\", \"links\": {\"href\": \"http://localhost:8080/rest/patients/P0000007\", \"rel\": \"self\"}, \"solved\": {\"status\": \"unsolved\"}, \"reporter\": \"1kg\", \"last_modified_by\": \"1kg\", \"sex\": \"M\", \"last_modification_date\": \"2017-03-13T02:38:32.000Z\", \"prenatal_perinatal_phenotype\": {\"prenatal_phenotype\": [], \"negative_prenatal_phenotype\": []}, \"contact\": {\"user_id\": \"1kg\", \"name\": \"1kg\", \"email\": \"harindra@broadinstitute.org\"}, \"meta\": {\"hgnc_version\": \"2015-08-09T17:45:23.025Z\", \"hgncRemote_version\": \"2017-03-12T05:50:28.721Z\", \"hpo_version\": \"releases/2015-09-15\", \"phenotips_version\": \"1.2.6\", \"omim_version\": \"2015-10-07T18:26:19.654Z\"}, \"prenatal_perinatal_history\": {}, \"specificity\": {\"date\": \"2017-03-13T09:01:53.748Z\", \"score\": 0.0, \"server\": \"monarchinitiative.org\"}, \"date\": \"2017-03-13T02:38:31.000Z\", \"clinicalStatus\": {\"clinicalStatus\": \"affected\"}, \"external_id\": \"20161012_131013_791340_NA20870\", \"id\": \"P0000007\", \"ethnicity\": {\"maternal_ethnicity\": [], \"paternal_ethnicity\": []}, \"report_id\": \"P0000007\"}",
        "mme_id": null,
        "mme_submitted_data": null
    }
},
{
    "model": "seqr.individual",
    "pk": 8,
    "fields": {
        "guid": "I000008_na20872",
        "created_date": "2017-02-05T06:42:55.397Z",
        "created_by": null,
        "last_modified_date": "2017-03-13T09:07:50.044Z",
        "family": 4,
        "individual_id": "NA20872",
        "maternal_id": "",
        "paternal_id": "",
        "sex": "M",
        "affected": "A",
        "display_name": "",
	"notes": "",
        "case_review_status": "",
        "case_review_status_last_modified_date": null,
        "case_review_status_last_modified_by": null,
        "case_review_discussion": null,
        "phenotips_patient_id": "P0000008",
        "phenotips_eid": "20161012_131013_799752_NA20872",
        "phenotips_data": "{\"life_status\": \"alive\", \"links\": {\"href\": \"http://localhost:8080/rest/patients/P0000008\", \"rel\": \"self\"}, \"solved\": {\"status\": \"unsolved\"}, \"reporter\": \"1kg\", \"last_modified_by\": \"1kg\", \"sex\": \"M\", \"last_modification_date\": \"2017-03-13T02:38:33.000Z\", \"prenatal_perinatal_phenotype\": {\"prenatal_phenotype\": [], \"negative_prenatal_phenotype\": []}, \"contact\": {\"user_id\": \"1kg\", \"name\": \"1kg\", \"email\": \"harindra@broadinstitute.org\"}, \"meta\": {\"hgnc_version\": \"2015-08-09T17:45:23.025Z\", \"hgncRemote_version\": \"2017-03-12T05:50:28.721Z\", \"hpo_version\": \"releases/2015-09-15\", \"phenotips_version\": \"1.2.6\", \"omim_version\": \"2015-10-07T18:26:19.654Z\"}, \"prenatal_perinatal_history\": {}, \"specificity\": {\"date\": \"2017-03-13T09:01:53.748Z\", \"score\": 0.0, \"server\": \"monarchinitiative.org\"}, \"date\": \"2017-03-13T02:38:32.000Z\", \"clinicalStatus\": {\"clinicalStatus\": \"affected\"}, \"external_id\": \"20161012_131013_799752_NA20872\", \"id\": \"P0000008\", \"ethnicity\": {\"maternal_ethnicity\": [], \"paternal_ethnicity\": []}, \"report_id\": \"P0000008\"}",
        "mme_id": null,
        "mme_submitted_data": null
    }
},
{
    "model": "seqr.individual",
    "pk": 9,
    "fields": {
        "guid": "I000009_na20874",
        "created_date": "2017-02-05T06:42:55.397Z",
        "created_by": null,
        "last_modified_date": "2017-03-13T09:07:50.071Z",
        "family": 5,
        "individual_id": "NA20874",
        "maternal_id": "",
        "paternal_id": "",
        "sex": "M",
        "affected": "A",
        "display_name": "",
	"notes": "",
        "case_review_status": "",
        "case_review_status_last_modified_date": null,
        "case_review_status_last_modified_by": null,
        "case_review_discussion": null,
        "phenotips_patient_id": "P0000009",
        "phenotips_eid": "20161012_131013_809075_NA20874",
        "phenotips_data": "{\"life_status\": \"alive\", \"links\": {\"href\": \"http://localhost:8080/rest/patients/P0000009\", \"rel\": \"self\"}, \"solved\": {\"status\": \"unsolved\"}, \"reporter\": \"1kg\", \"last_modified_by\": \"1kg\", \"sex\": \"M\", \"last_modification_date\": \"2017-03-13T02:38:33.000Z\", \"prenatal_perinatal_phenotype\": {\"prenatal_phenotype\": [], \"negative_prenatal_phenotype\": []}, \"contact\": {\"user_id\": \"1kg\", \"name\": \"1kg\", \"email\": \"harindra@broadinstitute.org\"}, \"meta\": {\"hgnc_version\": \"2015-08-09T17:45:23.025Z\", \"hgncRemote_version\": \"2017-03-12T05:50:28.721Z\", \"hpo_version\": \"releases/2015-09-15\", \"phenotips_version\": \"1.2.6\", \"omim_version\": \"2015-10-07T18:26:19.654Z\"}, \"prenatal_perinatal_history\": {}, \"specificity\": {\"date\": \"2017-03-13T09:01:53.748Z\", \"score\": 0.0, \"server\": \"monarchinitiative.org\"}, \"date\": \"2017-03-13T02:38:33.000Z\", \"clinicalStatus\": {\"clinicalStatus\": \"affected\"}, \"external_id\": \"20161012_131013_809075_NA20874\", \"id\": \"P0000009\", \"ethnicity\": {\"maternal_ethnicity\": [], \"paternal_ethnicity\": []}, \"report_id\": \"P0000009\"}",
        "mme_id": null,
        "mme_submitted_data": null
    }
},
{
    "model": "seqr.individual",
    "pk": 10,
    "fields": {
        "guid": "I000010_na20875",
        "created_date": "2017-02-05T06:42:55.397Z",
        "created_by": null,
        "last_modified_date": "2017-03-13T09:07:50.100Z",
        "family": 6,
        "individual_id": "NA20875",
        "maternal_id": "",
        "paternal_id": "",
        "sex": "M",
        "affected": "A",
        "display_name": "",
	"notes": "",
        "case_review_status": "",
        "case_review_status_last_modified_date": null,
        "case_review_status_last_modified_by": null,
        "case_review_discussion": null,
        "phenotips_patient_id": "P0000010",
        "phenotips_eid": "20161012_131013_816701_NA20875",
        "phenotips_data": "{\"life_status\": \"alive\", \"links\": {\"href\": \"http://localhost:8080/rest/patients/P0000010\", \"rel\": \"self\"}, \"solved\": {\"status\": \"unsolved\"}, \"reporter\": \"1kg\", \"last_modified_by\": \"1kg\", \"sex\": \"M\", \"last_modification_date\": \"2017-03-13T02:38:34.000Z\", \"prenatal_perinatal_phenotype\": {\"prenatal_phenotype\": [], \"negative_prenatal_phenotype\": []}, \"contact\": {\"user_id\": \"1kg\", \"name\": \"1kg\", \"email\": \"harindra@broadinstitute.org\"}, \"meta\": {\"hgnc_version\": \"2015-08-09T17:45:23.025Z\", \"hgncRemote_version\": \"2017-03-12T05:50:28.721Z\", \"hpo_version\": \"releases/2015-09-15\", \"phenotips_version\": \"1.2.6\", \"omim_version\": \"2015-10-07T18:26:19.654Z\"}, \"prenatal_perinatal_history\": {}, \"specificity\": {\"date\": \"2017-03-13T09:01:53.748Z\", \"score\": 0.0, \"server\": \"monarchinitiative.org\"}, \"date\": \"2017-03-13T02:38:33.000Z\", \"clinicalStatus\": {\"clinicalStatus\": \"affected\"}, \"external_id\": \"20161012_131013_816701_NA20875\", \"id\": \"P0000010\", \"ethnicity\": {\"maternal_ethnicity\": [], \"paternal_ethnicity\": []}, \"report_id\": \"P0000010\"}",
        "mme_id": null,
        "mme_submitted_data": null
    }
},
{
    "model": "seqr.individual",
    "pk": 11,
    "fields": {
        "guid": "I000011_na20876",
        "created_date": "2017-02-05T06:42:55.397Z",
        "created_by": null,
        "last_modified_date": "2017-03-13T09:07:50.128Z",
        "family": 7,
        "individual_id": "NA20876",
        "maternal_id": "",
        "paternal_id": "",
        "sex": "M",
        "affected": "A",
        "display_name": "",
	"notes": "",
        "case_review_status": "",
        "case_review_status_last_modified_date": null,
        "case_review_status_last_modified_by": null,
        "case_review_discussion": null,
        "phenotips_patient_id": "P0000011",
        "phenotips_eid": "20161012_131013_823870_NA20876",
        "phenotips_data": "{\"life_status\": \"alive\", \"links\": {\"href\": \"http://localhost:8080/rest/patients/P0000011\", \"rel\": \"self\"}, \"solved\": {\"status\": \"unsolved\"}, \"reporter\": \"1kg\", \"last_modified_by\": \"1kg\", \"sex\": \"M\", \"last_modification_date\": \"2017-03-13T02:38:35.000Z\", \"prenatal_perinatal_phenotype\": {\"prenatal_phenotype\": [], \"negative_prenatal_phenotype\": []}, \"contact\": {\"user_id\": \"1kg\", \"name\": \"1kg\", \"email\": \"harindra@broadinstitute.org\"}, \"meta\": {\"hgnc_version\": \"2015-08-09T17:45:23.025Z\", \"hgncRemote_version\": \"2017-03-12T05:50:28.721Z\", \"hpo_version\": \"releases/2015-09-15\", \"phenotips_version\": \"1.2.6\", \"omim_version\": \"2015-10-07T18:26:19.654Z\"}, \"prenatal_perinatal_history\": {}, \"specificity\": {\"date\": \"2017-03-13T09:01:53.748Z\", \"score\": 0.0, \"server\": \"monarchinitiative.org\"}, \"date\": \"2017-03-13T02:38:34.000Z\", \"clinicalStatus\": {\"clinicalStatus\": \"affected\"}, \"external_id\": \"20161012_131013_823870_NA20876\", \"id\": \"P0000011\", \"ethnicity\": {\"maternal_ethnicity\": [], \"paternal_ethnicity\": []}, \"report_id\": \"P0000011\"}",
        "mme_id": null,
        "mme_submitted_data": null
    }
},
{
    "model": "seqr.individual",
    "pk": 12,
    "fields": {
        "guid": "I000012_na20877",
        "created_date": "2017-02-05T06:42:55.397Z",
        "created_by": null,
        "last_modified_date": "2017-03-13T09:07:50.158Z",
        "family": 8,
        "individual_id": "NA20877",
        "maternal_id": "",
        "paternal_id": "",
        "sex": "M",
        "affected": "A",
        "display_name": "",
	"notes": "",
        "case_review_status": "",
        "case_review_status_last_modified_date": null,
        "case_review_status_last_modified_by": null,
        "case_review_discussion": null,
        "phenotips_patient_id": "P0000012",
        "phenotips_eid": "20161012_131013_831577_NA20877",
        "phenotips_data": "{\"life_status\": \"alive\", \"links\": {\"href\": \"http://localhost:8080/rest/patients/P0000012\", \"rel\": \"self\"}, \"solved\": {\"status\": \"unsolved\"}, \"reporter\": \"1kg\", \"last_modified_by\": \"1kg\", \"sex\": \"M\", \"last_modification_date\": \"2017-03-13T02:38:36.000Z\", \"prenatal_perinatal_phenotype\": {\"prenatal_phenotype\": [], \"negative_prenatal_phenotype\": []}, \"contact\": {\"user_id\": \"1kg\", \"name\": \"1kg\", \"email\": \"harindra@broadinstitute.org\"}, \"meta\": {\"hgnc_version\": \"2015-08-09T17:45:23.025Z\", \"hgncRemote_version\": \"2017-03-12T05:50:28.721Z\", \"hpo_version\": \"releases/2015-09-15\", \"phenotips_version\": \"1.2.6\", \"omim_version\": \"2015-10-07T18:26:19.654Z\"}, \"prenatal_perinatal_history\": {}, \"specificity\": {\"date\": \"2017-03-13T09:01:53.748Z\", \"score\": 0.0, \"server\": \"monarchinitiative.org\"}, \"date\": \"2017-03-13T02:38:35.000Z\", \"clinicalStatus\": {\"clinicalStatus\": \"affected\"}, \"external_id\": \"20161012_131013_831577_NA20877\", \"id\": \"P0000012\", \"ethnicity\": {\"maternal_ethnicity\": [], \"paternal_ethnicity\": []}, \"report_id\": \"P0000012\"}",
        "mme_id": null,
        "mme_submitted_data": null
    }
},
{
    "model": "seqr.individual",
    "pk": 13,
    "fields": {
        "guid": "I000013_na20878",
        "created_date": "2017-02-05T06:42:55.397Z",
        "created_by": null,
        "last_modified_date": "2017-03-13T09:07:50.184Z",
        "family": 9,
        "individual_id": "NA20878",
        "maternal_id": "",
        "paternal_id": "",
        "sex": "M",
        "affected": "A",
        "display_name": "",
	"notes": "",
        "case_review_status": "",
        "case_review_status_last_modified_date": null,
        "case_review_status_last_modified_by": null,
        "case_review_discussion": null,
        "phenotips_patient_id": "P0000013",
        "phenotips_eid": "20161012_131013_841939_NA20878",
        "phenotips_data": "{\"life_status\": \"alive\", \"links\": {\"href\": \"http://localhost:8080/rest/patients/P0000013\", \"rel\": \"self\"}, \"solved\": {\"status\": \"unsolved\"}, \"reporter\": \"1kg\", \"last_modified_by\": \"1kg\", \"sex\": \"M\", \"last_modification_date\": \"2017-03-13T02:38:36.000Z\", \"prenatal_perinatal_phenotype\": {\"prenatal_phenotype\": [], \"negative_prenatal_phenotype\": []}, \"contact\": {\"user_id\": \"1kg\", \"name\": \"1kg\", \"email\": \"harindra@broadinstitute.org\"}, \"meta\": {\"hgnc_version\": \"2015-08-09T17:45:23.025Z\", \"hgncRemote_version\": \"2017-03-12T05:50:28.721Z\", \"hpo_version\": \"releases/2015-09-15\", \"phenotips_version\": \"1.2.6\", \"omim_version\": \"2015-10-07T18:26:19.654Z\"}, \"prenatal_perinatal_history\": {}, \"specificity\": {\"date\": \"2017-03-13T09:01:53.748Z\", \"score\": 0.0, \"server\": \"monarchinitiative.org\"}, \"date\": \"2017-03-13T02:38:36.000Z\", \"clinicalStatus\": {\"clinicalStatus\": \"affected\"}, \"external_id\": \"20161012_131013_841939_NA20878\", \"id\": \"P0000013\", \"ethnicity\": {\"maternal_ethnicity\": [], \"paternal_ethnicity\": []}, \"report_id\": \"P0000013\"}",
        "mme_id": null,
        "mme_submitted_data": null
    }
},
{
    "model": "seqr.individual",
    "pk": 14,
    "fields": {
        "guid": "I000014_na20881",
        "created_date": "2017-02-05T06:42:55.397Z",
        "created_by": null,
        "last_modified_date": "2017-03-13T09:07:50.213Z",
        "family": 10,
        "individual_id": "NA20881",
        "maternal_id": "",
        "paternal_id": "",
        "sex": "M",
        "affected": "A",
        "display_name": "",
	"notes": "",
        "case_review_status": "",
        "case_review_status_last_modified_date": null,
        "case_review_status_last_modified_by": null,
        "case_review_discussion": null,
        "phenotips_patient_id": "P0000014",
        "phenotips_eid": "20161012_131013_850069_NA20881",
        "phenotips_data": "{\"life_status\": \"alive\", \"links\": {\"href\": \"http://localhost:8080/rest/patients/P0000014\", \"rel\": \"self\"}, \"solved\": {\"status\": \"unsolved\"}, \"reporter\": \"1kg\", \"last_modified_by\": \"1kg\", \"sex\": \"M\", \"last_modification_date\": \"2017-03-13T02:38:37.000Z\", \"prenatal_perinatal_phenotype\": {\"prenatal_phenotype\": [], \"negative_prenatal_phenotype\": []}, \"contact\": {\"user_id\": \"1kg\", \"name\": \"1kg\", \"email\": \"harindra@broadinstitute.org\"}, \"meta\": {\"hgnc_version\": \"2015-08-09T17:45:23.025Z\", \"hgncRemote_version\": \"2017-03-12T05:50:28.721Z\", \"hpo_version\": \"releases/2015-09-15\", \"phenotips_version\": \"1.2.6\", \"omim_version\": \"2015-10-07T18:26:19.654Z\"}, \"prenatal_perinatal_history\": {}, \"specificity\": {\"date\": \"2017-03-13T09:01:53.748Z\", \"score\": 0.0, \"server\": \"monarchinitiative.org\"}, \"date\": \"2017-03-13T02:38:37.000Z\", \"clinicalStatus\": {\"clinicalStatus\": \"affected\"}, \"external_id\": \"20161012_131013_850069_NA20881\", \"id\": \"P0000014\", \"ethnicity\": {\"maternal_ethnicity\": [], \"paternal_ethnicity\": []}, \"report_id\": \"P0000014\"}",
        "mme_id": null,
        "mme_submitted_data": null
    }
},
{
    "model": "seqr.individual",
    "pk": 15,
    "fields": {
        "guid": "I000015_na20885",
        "created_date": "2017-02-05T06:42:55.397Z",
        "created_by": null,
        "last_modified_date": "2017-03-13T09:07:50.239Z",
        "family": 11,
        "individual_id": "NA20885",
        "maternal_id": "",
        "paternal_id": "",
        "sex": "M",
        "affected": "A",
        "display_name": "",
	"notes": "",
        "case_review_status": "E",
        "case_review_status_last_modified_date": "2017-03-12T22:34:52.302Z",
        "case_review_status_last_modified_by": 1,
        "case_review_discussion": null,
        "phenotips_patient_id": "P0000015",
        "phenotips_eid": "20161012_131013_859533_NA20885",
        "phenotips_data": "{\"life_status\": \"alive\", \"links\": {\"href\": \"http://localhost:8080/rest/patients/P0000015\", \"rel\": \"self\"}, \"solved\": {\"status\": \"unsolved\"}, \"reporter\": \"1kg\", \"last_modified_by\": \"1kg\", \"sex\": \"M\", \"last_modification_date\": \"2017-03-13T02:38:39.000Z\", \"prenatal_perinatal_phenotype\": {\"prenatal_phenotype\": [], \"negative_prenatal_phenotype\": []}, \"contact\": {\"user_id\": \"1kg\", \"name\": \"1kg\", \"email\": \"harindra@broadinstitute.org\"}, \"meta\": {\"hgnc_version\": \"2015-08-09T17:45:23.025Z\", \"hgncRemote_version\": \"2017-03-12T05:50:28.721Z\", \"hpo_version\": \"releases/2015-09-15\", \"phenotips_version\": \"1.2.6\", \"omim_version\": \"2015-10-07T18:26:19.654Z\"}, \"prenatal_perinatal_history\": {}, \"specificity\": {\"date\": \"2017-03-13T09:01:53.748Z\", \"score\": 0.0, \"server\": \"monarchinitiative.org\"}, \"date\": \"2017-03-13T02:38:37.000Z\", \"clinicalStatus\": {\"clinicalStatus\": \"affected\"}, \"external_id\": \"20161012_131013_859533_NA20885\", \"id\": \"P0000015\", \"ethnicity\": {\"maternal_ethnicity\": [], \"paternal_ethnicity\": []}, \"report_id\": \"P0000015\"}",
        "mme_id": null,
        "mme_submitted_data": null
    }
},
{
    "model": "seqr.individual",
    "pk": 16,
    "fields": {
        "guid": "I000016_na20888",
        "created_date": "2017-02-05T06:42:55.397Z",
        "created_by": null,
        "last_modified_date": "2017-03-13T09:07:50.270Z",
        "family": 12,
        "individual_id": "NA20888",
        "maternal_id": "",
        "paternal_id": "",
        "sex": "M",
        "affected": "A",
        "display_name": "",
	"notes": "",
        "case_review_status": "G",
        "case_review_status_last_modified_date": "2017-03-12T22:34:55.895Z",
        "case_review_status_last_modified_by": 1,
        "case_review_discussion": null,
        "phenotips_patient_id": "P0000016",
        "phenotips_eid": "20161012_131013_867124_NA20888",
        "phenotips_data": "{\"life_status\": \"alive\", \"links\": {\"href\": \"http://localhost:8080/rest/patients/P0000016\", \"rel\": \"self\"}, \"solved\": {\"status\": \"unsolved\"}, \"reporter\": \"1kg\", \"last_modified_by\": \"1kg\", \"sex\": \"M\", \"last_modification_date\": \"2017-03-13T02:38:40.000Z\", \"prenatal_perinatal_phenotype\": {\"prenatal_phenotype\": [], \"negative_prenatal_phenotype\": []}, \"contact\": {\"user_id\": \"1kg\", \"name\": \"1kg\", \"email\": \"harindra@broadinstitute.org\"}, \"meta\": {\"hgnc_version\": \"2015-08-09T17:45:23.025Z\", \"hgncRemote_version\": \"2017-03-12T05:50:28.721Z\", \"hpo_version\": \"releases/2015-09-15\", \"phenotips_version\": \"1.2.6\", \"omim_version\": \"2015-10-07T18:26:19.654Z\"}, \"prenatal_perinatal_history\": {}, \"specificity\": {\"date\": \"2017-03-13T09:01:53.748Z\", \"score\": 0.0, \"server\": \"monarchinitiative.org\"}, \"date\": \"2017-03-13T02:38:39.000Z\", \"clinicalStatus\": {\"clinicalStatus\": \"affected\"}, \"external_id\": \"20161012_131013_867124_NA20888\", \"id\": \"P0000016\", \"ethnicity\": {\"maternal_ethnicity\": [], \"paternal_ethnicity\": []}, \"report_id\": \"P0000016\"}",
        "mme_id": null,
        "mme_submitted_data": null
    }
},
{
    "model": "seqr.sample",
    "pk": 129,
    "fields": {
        "guid": "S000129_na19675",
        "created_date": "2017-02-05T06:42:55.397Z",
        "created_by": null,
        "last_modified_date": "2017-03-13T09:07:49.744Z",
        
        "sample_id": "NA19675",
        "sample_type": "WES",
        "sample_status": "S",
	"individual": 1,
	"is_external_data": false,
	"deprecated_base_project": null
    }
},
{
    "model": "seqr.sample",
    "pk": 130,
    "fields": {
        "guid": "S000130_na19678",
        "created_date": "2017-02-05T06:42:55.397Z",
        "created_by": null,
        "last_modified_date": "2017-03-13T09:07:49.774Z",
        
        "sample_id": "NA19678",
        "sample_type": "WES",
        "sample_status": "S",
	"individual": 2,
	"is_external_data": false,
	"deprecated_base_project": null
    }
},
{
    "model": "seqr.sample",
    "pk": 131,
    "fields": {
        "guid": "S000131_na19679",
        "created_date": "2017-02-05T06:42:55.397Z",
        "created_by": null,
        "last_modified_date": "2017-03-13T09:07:49.800Z",
        
        "sample_id": "NA19679",
        "sample_type": "WES",
        "sample_status": "S",
	"individual": 3,
	"is_external_data": false,
	"deprecated_base_project": null
    }
},
{
    "model": "seqr.sample",
    "pk": 132,
    "fields": {
        "guid": "S000132_hg00731",
        "created_date": "2017-02-05T06:42:55.397Z",
        "created_by": null,
        "last_modified_date": "2017-03-13T09:07:49.937Z",
        
        "sample_id": "HG00731",
        "sample_type": "WES",
        "sample_status": "S",
	"individual": 4,
	"is_external_data": false,
	"deprecated_base_project": null
    }
},
{
    "model": "seqr.sample",
    "pk": 133,
    "fields": {
        "guid": "S000133_hg00732",
        "created_date": "2017-02-05T06:42:55.397Z",
        "created_by": null,
        "last_modified_date": "2017-03-13T09:07:49.963Z",
        
        "sample_id": "HG00732",
        "sample_type": "WES",
        "sample_status": "S",
	"individual": 5,
	"is_external_data": false,
	"deprecated_base_project": null
    }
},
{
    "model": "seqr.sample",
    "pk": 134,
    "fields": {
        "guid": "S000134_hg00733",
        "created_date": "2017-02-05T06:42:55.397Z",
        "created_by": null,
        "last_modified_date": "2017-03-13T09:07:49.990Z",
        
        "sample_id": "HG00733",
        "sample_type": "WES",
        "sample_status": "S",
	"individual": 6,
	"is_external_data": false,
	"deprecated_base_project": null
    }
},
{
    "model": "seqr.sample",
    "pk": 135,
    "fields": {
        "guid": "S000135_na20870",
        "created_date": "2017-02-05T06:42:55.397Z",
        "created_by": null,
        "last_modified_date": "2017-03-13T09:07:50.022Z",
        
        "sample_id": "NA20870",
        "sample_type": "WES",
        "sample_status": "S",
	"individual": 7,
	"is_external_data": false,
	"deprecated_base_project": null
    }
},
{
    "model": "seqr.sample",
    "pk": 136,
    "fields": {
        "guid": "S000136_na20872",
        "created_date": "2017-02-05T06:42:55.397Z",
        "created_by": null,
        "last_modified_date": "2017-03-13T09:07:50.052Z",
        
        "sample_id": "NA20872",
        "sample_type": "WES",
        "sample_status": "S",
	"individual": 8,
	"is_external_data": false,
	"deprecated_base_project": null
    }
},
{
    "model": "seqr.sample",
    "pk": 137,
    "fields": {
        "guid": "S000137_na20874",
        "created_date": "2017-02-05T06:42:55.397Z",
        "created_by": null,
        "last_modified_date": "2017-03-13T09:07:50.079Z",
        
        "sample_id": "NA20874",
        "sample_type": "WES",
        "sample_status": "S",
	"individual": 9,
	"is_external_data": false,
	"deprecated_base_project": null
    }
},
{
    "model": "seqr.sample",
    "pk": 138,
    "fields": {
        "guid": "S000138_na20875",
        "created_date": "2017-02-05T06:42:55.397Z",
        "created_by": null,
        "last_modified_date": "2017-03-13T09:07:50.111Z",
        
        "sample_id": "NA20875",
        "sample_type": "WES",
        "sample_status": "S",
	"individual": 10,
	"is_external_data": false,
	"deprecated_base_project": null
    }
},
{
    "model": "seqr.sample",
    "pk": 139,
    "fields": {
        "guid": "S000139_na20876",
        "created_date": "2017-02-05T06:42:55.397Z",
        "created_by": null,
        "last_modified_date": "2017-03-13T09:07:50.136Z",
        
        "sample_id": "NA20876",
        "sample_type": "WES",
        "sample_status": "S",
	"individual": 11,
	"is_external_data": false,
	"deprecated_base_project": null
    }
},
{
    "model": "seqr.sample",
    "pk": 140,
    "fields": {
        "guid": "S000140_na20877",
        "created_date": "2017-02-05T06:42:55.397Z",
        "created_by": null,
        "last_modified_date": "2017-03-13T09:07:50.165Z",
        
        "sample_id": "NA20877",
        "sample_type": "WES",
        "sample_status": "S",
	"individual": 12,
	"is_external_data": false,
	"deprecated_base_project": null
    }
},
{
    "model": "seqr.sample",
    "pk": 141,
    "fields": {
        "guid": "S000141_na20878",
        "created_date": "2017-02-05T06:42:55.397Z",
        "created_by": null,
        "last_modified_date": "2017-03-13T09:07:50.193Z",
        
        "sample_id": "NA20878",
        "sample_type": "WES",
        "sample_status": "S",
	"individual": 13,
	"is_external_data": false,
	"deprecated_base_project": null
    }
},
{
    "model": "seqr.sample",
    "pk": 142,
    "fields": {
        "guid": "S000142_na20881",
        "created_date": "2017-02-05T06:42:55.397Z",
        "created_by": null,
        "last_modified_date": "2017-03-13T09:07:50.220Z",
        
        "sample_id": "NA20881",
        "sample_type": "WES",
        "sample_status": "S",
	"individual": 14,
	"is_external_data": false,
	"deprecated_base_project": null
    }
},
{
    "model": "seqr.sample",
    "pk": 143,
    "fields": {
        "guid": "S000143_na20885",
        "created_date": "2017-02-05T06:42:55.397Z",
        "created_by": null,
        "last_modified_date": "2017-03-13T09:07:50.247Z",
        
        "sample_id": "NA20885",
        "sample_type": "WES",
        "sample_status": "S",
	"individual": 15,
	"is_external_data": false,
	"deprecated_base_project": null
    }
},
{
    "model": "seqr.sample",
    "pk": 144,
    "fields": {
        "guid": "S000144_na20888",
        "created_date": "2017-02-05T06:42:55.397Z",
        "created_by": null,
        "last_modified_date": "2017-03-13T09:07:50.277Z",
        
        "sample_id": "NA20888",
        "sample_type": "WES",
        "sample_status": "S",
	"individual": 16,
	"is_external_data": false,
	"deprecated_base_project": null
    }
},
{
    "model": "seqr.dataset",
    "pk": 9,
    "fields": {
        "guid": "D00009_1kg_project_name_with_u",
        "created_date": "2017-03-12T19:27:08.156Z",
        "created_by": null,
        "last_modified_date": "2017-03-13T09:07:50.274Z",
	"dataset_id": 1,
	"analysis_type": "VARIANTS",
	"source_file_path": "1kg.vcf.gz",
	"is_loaded": true,
	"loaded_date": "2017-02-05T06:42:55.397Z",
	"samples": [
	    131, 132, 133, 134, 135, 136, 137, 138, 139, 140, 141, 142, 143
	],
	"project": 1
    }
}
]
